Command line invocation:
    /Applications/Xcode.app/Contents/Developer/usr/bin/xcodebuild -project Tribeboard.xcodeproj -scheme Tribeboard -destination "platform=iOS Simulator,id=8D6CEC70-536D-4DA9-9EC5-3083A51C6D92" clean build

2026-02-10 16:04:59.510 xcodebuild[70490:895996] [MT] IDERunDestination: Supported platforms for the buildables in the current scheme is empty.
--- xcodebuild: WARNING: Using the first of multiple matching destinations:
{ platform:iOS Simulator, arch:arm64, id:8D6CEC70-536D-4DA9-9EC5-3083A51C6D92, OS:18.6, name:iPhone 16e }
{ platform:iOS Simulator, arch:x86_64, id:8D6CEC70-536D-4DA9-9EC5-3083A51C6D92, OS:18.6, name:iPhone 16e }
CreateBuildRequest

SendProjectDescription

CreateBuildOperation

** CLEAN SUCCEEDED **

--- xcodebuild: WARNING: Using the first of multiple matching destinations:
{ platform:iOS Simulator, arch:arm64, id:8D6CEC70-536D-4DA9-9EC5-3083A51C6D92, OS:18.6, name:iPhone 16e }
{ platform:iOS Simulator, arch:x86_64, id:8D6CEC70-536D-4DA9-9EC5-3083A51C6D92, OS:18.6, name:iPhone 16e }
ComputePackagePrebuildTargetDependencyGraph

Prepare packages

CreateBuildRequest

SendProjectDescription

CreateBuildOperation

ComputeTargetDependencyGraph
note: Building targets in dependency order
note: Target dependency graph (1 target)
    Target 'Tribeboard' in project 'Tribeboard' (no dependencies)

GatherProvisioningInputs

CreateBuildDescription

ExecuteExternalTool /Applications/Xcode.app/Contents/Developer/Toolchains/XcodeDefault.xctoolchain/usr/bin/clang -v -E -dM -isysroot /Applications/Xcode.app/Contents/Developer/Platforms/iPhoneSimulator.platform/Developer/SDKs/iPhoneSimulator26.2.sdk -x c -c /dev/null

ExecuteExternalTool /Applications/Xcode.app/Contents/Developer/usr/bin/momc --dry-run --action generate --swift-version 5.0 --sdkroot /Applications/Xcode.app/Contents/Developer/Platforms/iPhoneSimulator.platform/Developer/SDKs/iPhoneSimulator26.2.sdk --iphonesimulator-deployment-target 18.6 --module Tribeboard /Users/tafmawere/Projects Kiro/Tribeboard_MVP/Tribeboard/Tribeboard/Tribeboard.xcdatamodeld /Users/tafmawere/Library/Developer/Xcode/DerivedData/Tribeboard-hdigiwhflrfqtodtlckntnnupjxx/Build/Intermediates.noindex/Tribeboard.build/Debug-iphonesimulator/Tribeboard.build/DerivedSources/CoreDataGenerated/Tribeboard

ExecuteExternalTool /Applications/Xcode.app/Contents/Developer/usr/bin/actool --print-asset-tag-combinations --output-format xml1 /Users/tafmawere/Projects Kiro/Tribeboard_MVP/Tribeboard/Tribeboard/Assets.xcassets

ExecuteExternalTool /Applications/Xcode.app/Contents/Developer/usr/bin/actool --version --output-format xml1

ExecuteExternalTool /Applications/Xcode.app/Contents/Developer/Toolchains/XcodeDefault.xctoolchain/usr/bin/swiftc --version

ExecuteExternalTool /Applications/Xcode.app/Contents/Developer/Toolchains/XcodeDefault.xctoolchain/usr/bin/ld -version_details

Build description signature: 3414d569b8ccb980b53bc94f335f2b09
Build description path: /Users/tafmawere/Library/Developer/Xcode/DerivedData/Tribeboard-hdigiwhflrfqtodtlckntnnupjxx/Build/Intermediates.noindex/XCBuildData/3414d569b8ccb980b53bc94f335f2b09.xcbuilddata
CreateBuildDirectory /Users/tafmawere/Library/Developer/Xcode/DerivedData/Tribeboard-hdigiwhflrfqtodtlckntnnupjxx/Build/Products
    cd /Users/tafmawere/Projects\ Kiro/Tribeboard_MVP/Tribeboard/Tribeboard.xcodeproj
    builtin-create-build-directory /Users/tafmawere/Library/Developer/Xcode/DerivedData/Tribeboard-hdigiwhflrfqtodtlckntnnupjxx/Build/Products

CreateBuildDirectory /Users/tafmawere/Library/Developer/Xcode/DerivedData/Tribeboard-hdigiwhflrfqtodtlckntnnupjxx/Build/Intermediates.noindex
    cd /Users/tafmawere/Projects\ Kiro/Tribeboard_MVP/Tribeboard/Tribeboard.xcodeproj
    builtin-create-build-directory /Users/tafmawere/Library/Developer/Xcode/DerivedData/Tribeboard-hdigiwhflrfqtodtlckntnnupjxx/Build/Intermediates.noindex

ClangStatCache /Applications/Xcode.app/Contents/Developer/Toolchains/XcodeDefault.xctoolchain/usr/bin/clang-stat-cache /Applications/Xcode.app/Contents/Developer/Platforms/iPhoneSimulator.platform/Developer/SDKs/iPhoneSimulator26.2.sdk /Users/tafmawere/Library/Developer/Xcode/DerivedData/SDKStatCaches.noindex/iphonesimulator26.2-23C53-7d00a8b37fbd7999ea79df8ebc024bf0.sdkstatcache
    cd /Users/tafmawere/Projects\ Kiro/Tribeboard_MVP/Tribeboard/Tribeboard.xcodeproj
    /Applications/Xcode.app/Contents/Developer/Toolchains/XcodeDefault.xctoolchain/usr/bin/clang-stat-cache /Applications/Xcode.app/Contents/Developer/Platforms/iPhoneSimulator.platform/Developer/SDKs/iPhoneSimulator26.2.sdk -o /Users/tafmawere/Library/Developer/Xcode/DerivedData/SDKStatCaches.noindex/iphonesimulator26.2-23C53-7d00a8b37fbd7999ea79df8ebc024bf0.sdkstatcache

CreateBuildDirectory /Users/tafmawere/Library/Developer/Xcode/DerivedData/Tribeboard-hdigiwhflrfqtodtlckntnnupjxx/Build/Intermediates.noindex/ExplicitPrecompiledModules
    cd /Users/tafmawere/Projects\ Kiro/Tribeboard_MVP/Tribeboard/Tribeboard.xcodeproj
    builtin-create-build-directory /Users/tafmawere/Library/Developer/Xcode/DerivedData/Tribeboard-hdigiwhflrfqtodtlckntnnupjxx/Build/Intermediates.noindex/ExplicitPrecompiledModules

CreateBuildDirectory /Users/tafmawere/Library/Developer/Xcode/DerivedData/Tribeboard-hdigiwhflrfqtodtlckntnnupjxx/Build/Intermediates.noindex/SwiftExplicitPrecompiledModules
    cd /Users/tafmawere/Projects\ Kiro/Tribeboard_MVP/Tribeboard/Tribeboard.xcodeproj
    builtin-create-build-directory /Users/tafmawere/Library/Developer/Xcode/DerivedData/Tribeboard-hdigiwhflrfqtodtlckntnnupjxx/Build/Intermediates.noindex/SwiftExplicitPrecompiledModules

CreateBuildDirectory /Users/tafmawere/Library/Developer/Xcode/DerivedData/Tribeboard-hdigiwhflrfqtodtlckntnnupjxx/Build/Intermediates.noindex/EagerLinkingTBDs/Debug-iphonesimulator
    cd /Users/tafmawere/Projects\ Kiro/Tribeboard_MVP/Tribeboard/Tribeboard.xcodeproj
    builtin-create-build-directory /Users/tafmawere/Library/Developer/Xcode/DerivedData/Tribeboard-hdigiwhflrfqtodtlckntnnupjxx/Build/Intermediates.noindex/EagerLinkingTBDs/Debug-iphonesimulator

WriteAuxiliaryFile /Users/tafmawere/Library/Developer/Xcode/DerivedData/Tribeboard-hdigiwhflrfqtodtlckntnnupjxx/Build/Intermediates.noindex/Tribeboard.build/Debug-iphonesimulator/Tribeboard-a23e32f26e0b9495bafd3f078a5d8a75-VFS-iphonesimulator/all-product-headers.yaml
    cd /Users/tafmawere/Projects\ Kiro/Tribeboard_MVP/Tribeboard/Tribeboard.xcodeproj
    write-file /Users/tafmawere/Library/Developer/Xcode/DerivedData/Tribeboard-hdigiwhflrfqtodtlckntnnupjxx/Build/Intermediates.noindex/Tribeboard.build/Debug-iphonesimulator/Tribeboard-a23e32f26e0b9495bafd3f078a5d8a75-VFS-iphonesimulator/all-product-headers.yaml

CreateBuildDirectory /Users/tafmawere/Library/Developer/Xcode/DerivedData/Tribeboard-hdigiwhflrfqtodtlckntnnupjxx/Build/Products/Debug-iphonesimulator
    cd /Users/tafmawere/Projects\ Kiro/Tribeboard_MVP/Tribeboard/Tribeboard.xcodeproj
    builtin-create-build-directory /Users/tafmawere/Library/Developer/Xcode/DerivedData/Tribeboard-hdigiwhflrfqtodtlckntnnupjxx/Build/Products/Debug-iphonesimulator

WriteAuxiliaryFile /Users/tafmawere/Library/Developer/Xcode/DerivedData/Tribeboard-hdigiwhflrfqtodtlckntnnupjxx/Build/Intermediates.noindex/Tribeboard.build/Debug-iphonesimulator/Tribeboard.build/Tribeboard.DependencyStaticMetadataFileList (in target 'Tribeboard' from project 'Tribeboard')
    cd /Users/tafmawere/Projects\ Kiro/Tribeboard_MVP/Tribeboard
    write-file /Users/tafmawere/Library/Developer/Xcode/DerivedData/Tribeboard-hdigiwhflrfqtodtlckntnnupjxx/Build/Intermediates.noindex/Tribeboard.build/Debug-iphonesimulator/Tribeboard.build/Tribeboard.DependencyStaticMetadataFileList

WriteAuxiliaryFile /Users/tafmawere/Library/Developer/Xcode/DerivedData/Tribeboard-hdigiwhflrfqtodtlckntnnupjxx/Build/Intermediates.noindex/Tribeboard.build/Debug-iphonesimulator/Tribeboard.build/Tribeboard-own-target-headers.hmap (in target 'Tribeboard' from project 'Tribeboard')
    cd /Users/tafmawere/Projects\ Kiro/Tribeboard_MVP/Tribeboard
    write-file /Users/tafmawere/Library/Developer/Xcode/DerivedData/Tribeboard-hdigiwhflrfqtodtlckntnnupjxx/Build/Intermediates.noindex/Tribeboard.build/Debug-iphonesimulator/Tribeboard.build/Tribeboard-own-target-headers.hmap

WriteAuxiliaryFile /Users/tafmawere/Library/Developer/Xcode/DerivedData/Tribeboard-hdigiwhflrfqtodtlckntnnupjxx/Build/Intermediates.noindex/Tribeboard.build/Debug-iphonesimulator/Tribeboard.build/Tribeboard.DependencyMetadataFileList (in target 'Tribeboard' from project 'Tribeboard')
    cd /Users/tafmawere/Projects\ Kiro/Tribeboard_MVP/Tribeboard
    write-file /Users/tafmawere/Library/Developer/Xcode/DerivedData/Tribeboard-hdigiwhflrfqtodtlckntnnupjxx/Build/Intermediates.noindex/Tribeboard.build/Debug-iphonesimulator/Tribeboard.build/Tribeboard.DependencyMetadataFileList

WriteAuxiliaryFile /Users/tafmawere/Library/Developer/Xcode/DerivedData/Tribeboard-hdigiwhflrfqtodtlckntnnupjxx/Build/Intermediates.noindex/Tribeboard.build/Debug-iphonesimulator/Tribeboard.build/Tribeboard-generated-files.hmap (in target 'Tribeboard' from project 'Tribeboard')
    cd /Users/tafmawere/Projects\ Kiro/Tribeboard_MVP/Tribeboard
    write-file /Users/tafmawere/Library/Developer/Xcode/DerivedData/Tribeboard-hdigiwhflrfqtodtlckntnnupjxx/Build/Intermediates.noindex/Tribeboard.build/Debug-iphonesimulator/Tribeboard.build/Tribeboard-generated-files.hmap

WriteAuxiliaryFile /Users/tafmawere/Library/Developer/Xcode/DerivedData/Tribeboard-hdigiwhflrfqtodtlckntnnupjxx/Build/Intermediates.noindex/Tribeboard.build/Debug-iphonesimulator/Tribeboard.build/Tribeboard-all-target-headers.hmap (in target 'Tribeboard' from project 'Tribeboard')
    cd /Users/tafmawere/Projects\ Kiro/Tribeboard_MVP/Tribeboard
    write-file /Users/tafmawere/Library/Developer/Xcode/DerivedData/Tribeboard-hdigiwhflrfqtodtlckntnnupjxx/Build/Intermediates.noindex/Tribeboard.build/Debug-iphonesimulator/Tribeboard.build/Tribeboard-all-target-headers.hmap

WriteAuxiliaryFile /Users/tafmawere/Library/Developer/Xcode/DerivedData/Tribeboard-hdigiwhflrfqtodtlckntnnupjxx/Build/Intermediates.noindex/Tribeboard.build/Debug-iphonesimulator/Tribeboard.build/Tribeboard.hmap (in target 'Tribeboard' from project 'Tribeboard')
    cd /Users/tafmawere/Projects\ Kiro/Tribeboard_MVP/Tribeboard
    write-file /Users/tafmawere/Library/Developer/Xcode/DerivedData/Tribeboard-hdigiwhflrfqtodtlckntnnupjxx/Build/Intermediates.noindex/Tribeboard.build/Debug-iphonesimulator/Tribeboard.build/Tribeboard.hmap

WriteAuxiliaryFile /Users/tafmawere/Library/Developer/Xcode/DerivedData/Tribeboard-hdigiwhflrfqtodtlckntnnupjxx/Build/Intermediates.noindex/Tribeboard.build/Debug-iphonesimulator/Tribeboard.build/Tribeboard-all-non-framework-target-headers.hmap (in target 'Tribeboard' from project 'Tribeboard')
    cd /Users/tafmawere/Projects\ Kiro/Tribeboard_MVP/Tribeboard
    write-file /Users/tafmawere/Library/Developer/Xcode/DerivedData/Tribeboard-hdigiwhflrfqtodtlckntnnupjxx/Build/Intermediates.noindex/Tribeboard.build/Debug-iphonesimulator/Tribeboard.build/Tribeboard-all-non-framework-target-headers.hmap

WriteAuxiliaryFile /Users/tafmawere/Library/Developer/Xcode/DerivedData/Tribeboard-hdigiwhflrfqtodtlckntnnupjxx/Build/Intermediates.noindex/Tribeboard.build/Debug-iphonesimulator/Tribeboard.build/Tribeboard-DebugDylibInstallName-normal-arm64.txt (in target 'Tribeboard' from project 'Tribeboard')
    cd /Users/tafmawere/Projects\ Kiro/Tribeboard_MVP/Tribeboard
    write-file /Users/tafmawere/Library/Developer/Xcode/DerivedData/Tribeboard-hdigiwhflrfqtodtlckntnnupjxx/Build/Intermediates.noindex/Tribeboard.build/Debug-iphonesimulator/Tribeboard.build/Tribeboard-DebugDylibInstallName-normal-arm64.txt

WriteAuxiliaryFile /Users/tafmawere/Library/Developer/Xcode/DerivedData/Tribeboard-hdigiwhflrfqtodtlckntnnupjxx/Build/Intermediates.noindex/Tribeboard.build/Debug-iphonesimulator/Tribeboard.build/Tribeboard-DebugDylibPath-normal-arm64.txt (in target 'Tribeboard' from project 'Tribeboard')
    cd /Users/tafmawere/Projects\ Kiro/Tribeboard_MVP/Tribeboard
    write-file /Users/tafmawere/Library/Developer/Xcode/DerivedData/Tribeboard-hdigiwhflrfqtodtlckntnnupjxx/Build/Intermediates.noindex/Tribeboard.build/Debug-iphonesimulator/Tribeboard.build/Tribeboard-DebugDylibPath-normal-arm64.txt

WriteAuxiliaryFile /Users/tafmawere/Library/Developer/Xcode/DerivedData/Tribeboard-hdigiwhflrfqtodtlckntnnupjxx/Build/Intermediates.noindex/Tribeboard.build/Debug-iphonesimulator/Tribeboard.build/Tribeboard-project-headers.hmap (in target 'Tribeboard' from project 'Tribeboard')
    cd /Users/tafmawere/Projects\ Kiro/Tribeboard_MVP/Tribeboard
    write-file /Users/tafmawere/Library/Developer/Xcode/DerivedData/Tribeboard-hdigiwhflrfqtodtlckntnnupjxx/Build/Intermediates.noindex/Tribeboard.build/Debug-iphonesimulator/Tribeboard.build/Tribeboard-project-headers.hmap

WriteAuxiliaryFile /Users/tafmawere/Library/Developer/Xcode/DerivedData/Tribeboard-hdigiwhflrfqtodtlckntnnupjxx/Build/Intermediates.noindex/Tribeboard.build/Debug-iphonesimulator/Tribeboard.build/Objects-normal/arm64/Tribeboard_const_extract_protocols.json (in target 'Tribeboard' from project 'Tribeboard')
    cd /Users/tafmawere/Projects\ Kiro/Tribeboard_MVP/Tribeboard
    write-file /Users/tafmawere/Library/Developer/Xcode/DerivedData/Tribeboard-hdigiwhflrfqtodtlckntnnupjxx/Build/Intermediates.noindex/Tribeboard.build/Debug-iphonesimulator/Tribeboard.build/Objects-normal/arm64/Tribeboard_const_extract_protocols.json

WriteAuxiliaryFile /Users/tafmawere/Library/Developer/Xcode/DerivedData/Tribeboard-hdigiwhflrfqtodtlckntnnupjxx/Build/Intermediates.noindex/Tribeboard.build/Debug-iphonesimulator/Tribeboard.build/Objects-normal/arm64/Tribeboard.SwiftFileList (in target 'Tribeboard' from project 'Tribeboard')
    cd /Users/tafmawere/Projects\ Kiro/Tribeboard_MVP/Tribeboard
    write-file /Users/tafmawere/Library/Developer/Xcode/DerivedData/Tribeboard-hdigiwhflrfqtodtlckntnnupjxx/Build/Intermediates.noindex/Tribeboard.build/Debug-iphonesimulator/Tribeboard.build/Objects-normal/arm64/Tribeboard.SwiftFileList

WriteAuxiliaryFile /Users/tafmawere/Library/Developer/Xcode/DerivedData/Tribeboard-hdigiwhflrfqtodtlckntnnupjxx/Build/Intermediates.noindex/Tribeboard.build/Debug-iphonesimulator/Tribeboard.build/Objects-normal/arm64/Tribeboard.SwiftConstValuesFileList (in target 'Tribeboard' from project 'Tribeboard')
    cd /Users/tafmawere/Projects\ Kiro/Tribeboard_MVP/Tribeboard
    write-file /Users/tafmawere/Library/Developer/Xcode/DerivedData/Tribeboard-hdigiwhflrfqtodtlckntnnupjxx/Build/Intermediates.noindex/Tribeboard.build/Debug-iphonesimulator/Tribeboard.build/Objects-normal/arm64/Tribeboard.SwiftConstValuesFileList

WriteAuxiliaryFile /Users/tafmawere/Library/Developer/Xcode/DerivedData/Tribeboard-hdigiwhflrfqtodtlckntnnupjxx/Build/Intermediates.noindex/Tribeboard.build/Debug-iphonesimulator/Tribeboard.build/Objects-normal/arm64/Tribeboard.LinkFileList (in target 'Tribeboard' from project 'Tribeboard')
    cd /Users/tafmawere/Projects\ Kiro/Tribeboard_MVP/Tribeboard
    write-file /Users/tafmawere/Library/Developer/Xcode/DerivedData/Tribeboard-hdigiwhflrfqtodtlckntnnupjxx/Build/Intermediates.noindex/Tribeboard.build/Debug-iphonesimulator/Tribeboard.build/Objects-normal/arm64/Tribeboard.LinkFileList

WriteAuxiliaryFile /Users/tafmawere/Library/Developer/Xcode/DerivedData/Tribeboard-hdigiwhflrfqtodtlckntnnupjxx/Build/Intermediates.noindex/Tribeboard.build/Debug-iphonesimulator/Tribeboard.build/Objects-normal/arm64/Tribeboard-OutputFileMap.json (in target 'Tribeboard' from project 'Tribeboard')
    cd /Users/tafmawere/Projects\ Kiro/Tribeboard_MVP/Tribeboard
    write-file /Users/tafmawere/Library/Developer/Xcode/DerivedData/Tribeboard-hdigiwhflrfqtodtlckntnnupjxx/Build/Intermediates.noindex/Tribeboard.build/Debug-iphonesimulator/Tribeboard.build/Objects-normal/arm64/Tribeboard-OutputFileMap.json

WriteAuxiliaryFile /Users/tafmawere/Library/Developer/Xcode/DerivedData/Tribeboard-hdigiwhflrfqtodtlckntnnupjxx/Build/Intermediates.noindex/Tribeboard.build/Debug-iphonesimulator/Tribeboard.build/DerivedSources/Entitlements-Simulated.plist (in target 'Tribeboard' from project 'Tribeboard')
    cd /Users/tafmawere/Projects\ Kiro/Tribeboard_MVP/Tribeboard
    write-file /Users/tafmawere/Library/Developer/Xcode/DerivedData/Tribeboard-hdigiwhflrfqtodtlckntnnupjxx/Build/Intermediates.noindex/Tribeboard.build/Debug-iphonesimulator/Tribeboard.build/DerivedSources/Entitlements-Simulated.plist

MkDir /Users/tafmawere/Library/Developer/Xcode/DerivedData/Tribeboard-hdigiwhflrfqtodtlckntnnupjxx/Build/Products/Debug-iphonesimulator/Tribeboard.app (in target 'Tribeboard' from project 'Tribeboard')
    cd /Users/tafmawere/Projects\ Kiro/Tribeboard_MVP/Tribeboard
    /bin/mkdir -p /Users/tafmawere/Library/Developer/Xcode/DerivedData/Tribeboard-hdigiwhflrfqtodtlckntnnupjxx/Build/Products/Debug-iphonesimulator/Tribeboard.app

ProcessProductPackaging /Users/tafmawere/Projects\ Kiro/Tribeboard_MVP/Tribeboard/Tribeboard/Tribeboard.entitlements /Users/tafmawere/Library/Developer/Xcode/DerivedData/Tribeboard-hdigiwhflrfqtodtlckntnnupjxx/Build/Intermediates.noindex/Tribeboard.build/Debug-iphonesimulator/Tribeboard.build/Tribeboard.app-Simulated.xcent (in target 'Tribeboard' from project 'Tribeboard')
    cd /Users/tafmawere/Projects\ Kiro/Tribeboard_MVP/Tribeboard
    
    Entitlements:
    
    {
    "application-identifier" = "NDM2BK8S8H.net.dataenvy.tribeboard";
    "aps-environment" = development;
    "com.apple.developer.icloud-container-identifiers" =     (
    );
    "com.apple.developer.icloud-services" =     (
        CloudKit
    );
}
    
    builtin-productPackagingUtility /Users/tafmawere/Projects\ Kiro/Tribeboard_MVP/Tribeboard/Tribeboard/Tribeboard.entitlements -entitlements -format xml -o /Users/tafmawere/Library/Developer/Xcode/DerivedData/Tribeboard-hdigiwhflrfqtodtlckntnnupjxx/Build/Intermediates.noindex/Tribeboard.build/Debug-iphonesimulator/Tribeboard.build/Tribeboard.app-Simulated.xcent

ProcessProductPackaging /Users/tafmawere/Projects\ Kiro/Tribeboard_MVP/Tribeboard/Tribeboard/Tribeboard.entitlements /Users/tafmawere/Library/Developer/Xcode/DerivedData/Tribeboard-hdigiwhflrfqtodtlckntnnupjxx/Build/Intermediates.noindex/Tribeboard.build/Debug-iphonesimulator/Tribeboard.build/Tribeboard.app.xcent (in target 'Tribeboard' from project 'Tribeboard')
    cd /Users/tafmawere/Projects\ Kiro/Tribeboard_MVP/Tribeboard
    
    Entitlements:
    
    {
}
    
    builtin-productPackagingUtility /Users/tafmawere/Projects\ Kiro/Tribeboard_MVP/Tribeboard/Tribeboard/Tribeboard.entitlements -entitlements -format xml -o /Users/tafmawere/Library/Developer/Xcode/DerivedData/Tribeboard-hdigiwhflrfqtodtlckntnnupjxx/Build/Intermediates.noindex/Tribeboard.build/Debug-iphonesimulator/Tribeboard.build/Tribeboard.app.xcent

ProcessProductPackagingDER /Users/tafmawere/Library/Developer/Xcode/DerivedData/Tribeboard-hdigiwhflrfqtodtlckntnnupjxx/Build/Intermediates.noindex/Tribeboard.build/Debug-iphonesimulator/Tribeboard.build/Tribeboard.app.xcent /Users/tafmawere/Library/Developer/Xcode/DerivedData/Tribeboard-hdigiwhflrfqtodtlckntnnupjxx/Build/Intermediates.noindex/Tribeboard.build/Debug-iphonesimulator/Tribeboard.build/Tribeboard.app.xcent.der (in target 'Tribeboard' from project 'Tribeboard')
    cd /Users/tafmawere/Projects\ Kiro/Tribeboard_MVP/Tribeboard
    /usr/bin/derq query -f xml -i /Users/tafmawere/Library/Developer/Xcode/DerivedData/Tribeboard-hdigiwhflrfqtodtlckntnnupjxx/Build/Intermediates.noindex/Tribeboard.build/Debug-iphonesimulator/Tribeboard.build/Tribeboard.app.xcent -o /Users/tafmawere/Library/Developer/Xcode/DerivedData/Tribeboard-hdigiwhflrfqtodtlckntnnupjxx/Build/Intermediates.noindex/Tribeboard.build/Debug-iphonesimulator/Tribeboard.build/Tribeboard.app.xcent.der --raw

ProcessProductPackagingDER /Users/tafmawere/Library/Developer/Xcode/DerivedData/Tribeboard-hdigiwhflrfqtodtlckntnnupjxx/Build/Intermediates.noindex/Tribeboard.build/Debug-iphonesimulator/Tribeboard.build/Tribeboard.app-Simulated.xcent /Users/tafmawere/Library/Developer/Xcode/DerivedData/Tribeboard-hdigiwhflrfqtodtlckntnnupjxx/Build/Intermediates.noindex/Tribeboard.build/Debug-iphonesimulator/Tribeboard.build/Tribeboard.app-Simulated.xcent.der (in target 'Tribeboard' from project 'Tribeboard')
    cd /Users/tafmawere/Projects\ Kiro/Tribeboard_MVP/Tribeboard
    /usr/bin/derq query -f xml -i /Users/tafmawere/Library/Developer/Xcode/DerivedData/Tribeboard-hdigiwhflrfqtodtlckntnnupjxx/Build/Intermediates.noindex/Tribeboard.build/Debug-iphonesimulator/Tribeboard.build/Tribeboard.app-Simulated.xcent -o /Users/tafmawere/Library/Developer/Xcode/DerivedData/Tribeboard-hdigiwhflrfqtodtlckntnnupjxx/Build/Intermediates.noindex/Tribeboard.build/Debug-iphonesimulator/Tribeboard.build/Tribeboard.app-Simulated.xcent.der --raw

GenerateAssetSymbols /Users/tafmawere/Projects\ Kiro/Tribeboard_MVP/Tribeboard/Tribeboard/Assets.xcassets (in target 'Tribeboard' from project 'Tribeboard')
    cd /Users/tafmawere/Projects\ Kiro/Tribeboard_MVP/Tribeboard
    /Applications/Xcode.app/Contents/Developer/usr/bin/actool /Users/tafmawere/Projects\ Kiro/Tribeboard_MVP/Tribeboard/Tribeboard/Assets.xcassets --compile /Users/tafmawere/Library/Developer/Xcode/DerivedData/Tribeboard-hdigiwhflrfqtodtlckntnnupjxx/Build/Products/Debug-iphonesimulator/Tribeboard.app --output-format human-readable-text --notices --warnings --export-dependency-info /Users/tafmawere/Library/Developer/Xcode/DerivedData/Tribeboard-hdigiwhflrfqtodtlckntnnupjxx/Build/Intermediates.noindex/Tribeboard.build/Debug-iphonesimulator/Tribeboard.build/assetcatalog_dependencies --output-partial-info-plist /Users/tafmawere/Library/Developer/Xcode/DerivedData/Tribeboard-hdigiwhflrfqtodtlckntnnupjxx/Build/Intermediates.noindex/Tribeboard.build/Debug-iphonesimulator/Tribeboard.build/assetcatalog_generated_info.plist --app-icon AppIcon --accent-color AccentColor --compress-pngs --enable-on-demand-resources YES --development-region en --target-device iphone --target-device ipad --minimum-deployment-target 18.6 --platform iphonesimulator --bundle-identifier net.dataenvy.tribeboard --generate-swift-asset-symbols /Users/tafmawere/Library/Developer/Xcode/DerivedData/Tribeboard-hdigiwhflrfqtodtlckntnnupjxx/Build/Intermediates.noindex/Tribeboard.build/Debug-iphonesimulator/Tribeboard.build/DerivedSources/GeneratedAssetSymbols.swift --generate-objc-asset-symbols /Users/tafmawere/Library/Developer/Xcode/DerivedData/Tribeboard-hdigiwhflrfqtodtlckntnnupjxx/Build/Intermediates.noindex/Tribeboard.build/Debug-iphonesimulator/Tribeboard.build/DerivedSources/GeneratedAssetSymbols.h --generate-asset-symbol-index /Users/tafmawere/Library/Developer/Xcode/DerivedData/Tribeboard-hdigiwhflrfqtodtlckntnnupjxx/Build/Intermediates.noindex/Tribeboard.build/Debug-iphonesimulator/Tribeboard.build/DerivedSources/GeneratedAssetSymbols-Index.plist
/* com.apple.actool.compilation-results */
/Users/tafmawere/Library/Developer/Xcode/DerivedData/Tribeboard-hdigiwhflrfqtodtlckntnnupjxx/Build/Intermediates.noindex/Tribeboard.build/Debug-iphonesimulator/Tribeboard.build/DerivedSources/GeneratedAssetSymbols-Index.plist
/Users/tafmawere/Library/Developer/Xcode/DerivedData/Tribeboard-hdigiwhflrfqtodtlckntnnupjxx/Build/Intermediates.noindex/Tribeboard.build/Debug-iphonesimulator/Tribeboard.build/DerivedSources/GeneratedAssetSymbols.h
/Users/tafmawere/Library/Developer/Xcode/DerivedData/Tribeboard-hdigiwhflrfqtodtlckntnnupjxx/Build/Intermediates.noindex/Tribeboard.build/Debug-iphonesimulator/Tribeboard.build/DerivedSources/GeneratedAssetSymbols.swift


Ld /Users/tafmawere/Library/Developer/Xcode/DerivedData/Tribeboard-hdigiwhflrfqtodtlckntnnupjxx/Build/Products/Debug-iphonesimulator/Tribeboard.app/__preview.dylib normal (in target 'Tribeboard' from project 'Tribeboard')
    cd /Users/tafmawere/Projects\ Kiro/Tribeboard_MVP/Tribeboard
    /Applications/Xcode.app/Contents/Developer/Toolchains/XcodeDefault.xctoolchain/usr/bin/clang -Xlinker -reproducible -target arm64-apple-ios18.6-simulator -dynamiclib -isysroot /Applications/Xcode.app/Contents/Developer/Platforms/iPhoneSimulator.platform/Developer/SDKs/iPhoneSimulator26.2.sdk -O0 -L/Users/tafmawere/Library/Developer/Xcode/DerivedData/Tribeboard-hdigiwhflrfqtodtlckntnnupjxx/Build/Products/Debug-iphonesimulator -F/Users/tafmawere/Library/Developer/Xcode/DerivedData/Tribeboard-hdigiwhflrfqtodtlckntnnupjxx/Build/Products/Debug-iphonesimulator -install_name @rpath/Tribeboard.debug.dylib -dead_strip -rdynamic -Xlinker -no_deduplicate -Xlinker -objc_abi_version -Xlinker 2 -Xlinker -debug_variant -Xlinker -dependency_info -Xlinker /Users/tafmawere/Library/Developer/Xcode/DerivedData/Tribeboard-hdigiwhflrfqtodtlckntnnupjxx/Build/Intermediates.noindex/Tribeboard.build/Debug-iphonesimulator/Tribeboard.build/Objects-normal/arm64/Tribeboard_dependency_info.dat -Xlinker -sectcreate -Xlinker __TEXT -Xlinker __entitlements -Xlinker /Users/tafmawere/Library/Developer/Xcode/DerivedData/Tribeboard-hdigiwhflrfqtodtlckntnnupjxx/Build/Intermediates.noindex/Tribeboard.build/Debug-iphonesimulator/Tribeboard.build/Tribeboard.app-Simulated.xcent -Xlinker -sectcreate -Xlinker __TEXT -Xlinker __ents_der -Xlinker /Users/tafmawere/Library/Developer/Xcode/DerivedData/Tribeboard-hdigiwhflrfqtodtlckntnnupjxx/Build/Intermediates.noindex/Tribeboard.build/Debug-iphonesimulator/Tribeboard.build/Tribeboard.app-Simulated.xcent.der -Xlinker -no_adhoc_codesign -o /Users/tafmawere/Library/Developer/Xcode/DerivedData/Tribeboard-hdigiwhflrfqtodtlckntnnupjxx/Build/Products/Debug-iphonesimulator/Tribeboard.app/__preview.dylib

DataModelCompile /Users/tafmawere/Library/Developer/Xcode/DerivedData/Tribeboard-hdigiwhflrfqtodtlckntnnupjxx/Build/Products/Debug-iphonesimulator/Tribeboard.app/ /Users/tafmawere/Projects\ Kiro/Tribeboard_MVP/Tribeboard/Tribeboard/Tribeboard.xcdatamodeld (in target 'Tribeboard' from project 'Tribeboard')
    cd /Users/tafmawere/Projects\ Kiro/Tribeboard_MVP/Tribeboard
    /Applications/Xcode.app/Contents/Developer/usr/bin/momc --sdkroot /Applications/Xcode.app/Contents/Developer/Platforms/iPhoneSimulator.platform/Developer/SDKs/iPhoneSimulator26.2.sdk --iphonesimulator-deployment-target 18.6 --module Tribeboard /Users/tafmawere/Projects\ Kiro/Tribeboard_MVP/Tribeboard/Tribeboard/Tribeboard.xcdatamodeld /Users/tafmawere/Library/Developer/Xcode/DerivedData/Tribeboard-hdigiwhflrfqtodtlckntnnupjxx/Build/Products/Debug-iphonesimulator/Tribeboard.app/
Tribeboard.xcdatamodel: note: Model Tribeboard version checksum: O5rQD399N3AaM86qnibdDo09x9iKyRPqI79LcwKwMcU=

MkDir /Users/tafmawere/Library/Developer/Xcode/DerivedData/Tribeboard-hdigiwhflrfqtodtlckntnnupjxx/Build/Intermediates.noindex/Tribeboard.build/Debug-iphonesimulator/Tribeboard.build/assetcatalog_output/thinned (in target 'Tribeboard' from project 'Tribeboard')
    cd /Users/tafmawere/Projects\ Kiro/Tribeboard_MVP/Tribeboard
    /bin/mkdir -p /Users/tafmawere/Library/Developer/Xcode/DerivedData/Tribeboard-hdigiwhflrfqtodtlckntnnupjxx/Build/Intermediates.noindex/Tribeboard.build/Debug-iphonesimulator/Tribeboard.build/assetcatalog_output/thinned

MkDir /Users/tafmawere/Library/Developer/Xcode/DerivedData/Tribeboard-hdigiwhflrfqtodtlckntnnupjxx/Build/Intermediates.noindex/Tribeboard.build/Debug-iphonesimulator/Tribeboard.build/assetcatalog_output/unthinned (in target 'Tribeboard' from project 'Tribeboard')
    cd /Users/tafmawere/Projects\ Kiro/Tribeboard_MVP/Tribeboard
    /bin/mkdir -p /Users/tafmawere/Library/Developer/Xcode/DerivedData/Tribeboard-hdigiwhflrfqtodtlckntnnupjxx/Build/Intermediates.noindex/Tribeboard.build/Debug-iphonesimulator/Tribeboard.build/assetcatalog_output/unthinned

DataModelCodegen /Users/tafmawere/Projects\ Kiro/Tribeboard_MVP/Tribeboard/Tribeboard/Tribeboard.xcdatamodeld (in target 'Tribeboard' from project 'Tribeboard')
    cd /Users/tafmawere/Projects\ Kiro/Tribeboard_MVP/Tribeboard
    /Applications/Xcode.app/Contents/Developer/usr/bin/momc --action generate --swift-version 5.0 --sdkroot /Applications/Xcode.app/Contents/Developer/Platforms/iPhoneSimulator.platform/Developer/SDKs/iPhoneSimulator26.2.sdk --iphonesimulator-deployment-target 18.6 --module Tribeboard /Users/tafmawere/Projects\ Kiro/Tribeboard_MVP/Tribeboard/Tribeboard/Tribeboard.xcdatamodeld /Users/tafmawere/Library/Developer/Xcode/DerivedData/Tribeboard-hdigiwhflrfqtodtlckntnnupjxx/Build/Intermediates.noindex/Tribeboard.build/Debug-iphonesimulator/Tribeboard.build/DerivedSources/CoreDataGenerated/Tribeboard

CompileAssetCatalogVariant thinned /Users/tafmawere/Library/Developer/Xcode/DerivedData/Tribeboard-hdigiwhflrfqtodtlckntnnupjxx/Build/Products/Debug-iphonesimulator/Tribeboard.app /Users/tafmawere/Projects\ Kiro/Tribeboard_MVP/Tribeboard/Tribeboard/Assets.xcassets (in target 'Tribeboard' from project 'Tribeboard')
    cd /Users/tafmawere/Projects\ Kiro/Tribeboard_MVP/Tribeboard
    /Applications/Xcode.app/Contents/Developer/usr/bin/actool /Users/tafmawere/Projects\ Kiro/Tribeboard_MVP/Tribeboard/Tribeboard/Assets.xcassets --compile /Users/tafmawere/Library/Developer/Xcode/DerivedData/Tribeboard-hdigiwhflrfqtodtlckntnnupjxx/Build/Intermediates.noindex/Tribeboard.build/Debug-iphonesimulator/Tribeboard.build/assetcatalog_output/thinned --output-format human-readable-text --notices --warnings --export-dependency-info /Users/tafmawere/Library/Developer/Xcode/DerivedData/Tribeboard-hdigiwhflrfqtodtlckntnnupjxx/Build/Intermediates.noindex/Tribeboard.build/Debug-iphonesimulator/Tribeboard.build/assetcatalog_dependencies_thinned --output-partial-info-plist /Users/tafmawere/Library/Developer/Xcode/DerivedData/Tribeboard-hdigiwhflrfqtodtlckntnnupjxx/Build/Intermediates.noindex/Tribeboard.build/Debug-iphonesimulator/Tribeboard.build/assetcatalog_generated_info.plist_thinned --app-icon AppIcon --accent-color AccentColor --compress-pngs --enable-on-demand-resources YES --filter-for-thinning-device-configuration iPhone17,5 --filter-for-device-os-version 18.6 --development-region en --target-device iphone --target-device ipad --minimum-deployment-target 18.6 --platform iphonesimulator
/* com.apple.actool.compilation-results */
/Users/tafmawere/Library/Developer/Xcode/DerivedData/Tribeboard-hdigiwhflrfqtodtlckntnnupjxx/Build/Intermediates.noindex/Tribeboard.build/Debug-iphonesimulator/Tribeboard.build/assetcatalog_generated_info.plist_thinned
/Users/tafmawere/Library/Developer/Xcode/DerivedData/Tribeboard-hdigiwhflrfqtodtlckntnnupjxx/Build/Intermediates.noindex/Tribeboard.build/Debug-iphonesimulator/Tribeboard.build/assetcatalog_output/thinned/AppIcon60x60@2x.png
/Users/tafmawere/Library/Developer/Xcode/DerivedData/Tribeboard-hdigiwhflrfqtodtlckntnnupjxx/Build/Intermediates.noindex/Tribeboard.build/Debug-iphonesimulator/Tribeboard.build/assetcatalog_output/thinned/AppIcon76x76@2x~ipad.png
/Users/tafmawere/Library/Developer/Xcode/DerivedData/Tribeboard-hdigiwhflrfqtodtlckntnnupjxx/Build/Intermediates.noindex/Tribeboard.build/Debug-iphonesimulator/Tribeboard.build/assetcatalog_output/thinned/Assets.car


SwiftDriver Tribeboard normal arm64 com.apple.xcode.tools.swift.compiler (in target 'Tribeboard' from project 'Tribeboard')
    cd /Users/tafmawere/Projects\ Kiro/Tribeboard_MVP/Tribeboard
    builtin-SwiftDriver -- /Applications/Xcode.app/Contents/Developer/Toolchains/XcodeDefault.xctoolchain/usr/bin/swiftc -module-name Tribeboard -Onone -enforce-exclusivity\=checked @/Users/tafmawere/Library/Developer/Xcode/DerivedData/Tribeboard-hdigiwhflrfqtodtlckntnnupjxx/Build/Intermediates.noindex/Tribeboard.build/Debug-iphonesimulator/Tribeboard.build/Objects-normal/arm64/Tribeboard.SwiftFileList -DDEBUG -default-isolation\=MainActor -enable-bare-slash-regex -enable-upcoming-feature DisableOutwardActorInference -enable-upcoming-feature InferSendableFromCaptures -enable-upcoming-feature GlobalActorIsolatedTypesUsability -enable-upcoming-feature MemberImportVisibility -enable-upcoming-feature InferIsolatedConformances -enable-upcoming-feature NonisolatedNonsendingByDefault -enable-experimental-feature DebugDescriptionMacro -sdk /Applications/Xcode.app/Contents/Developer/Platforms/iPhoneSimulator.platform/Developer/SDKs/iPhoneSimulator26.2.sdk -target arm64-apple-ios18.6-simulator -g -module-cache-path /Users/tafmawere/Library/Developer/Xcode/DerivedData/ModuleCache.noindex -Xfrontend -serialize-debugging-options -profile-coverage-mapping -profile-generate -enable-testing -index-store-path /Users/tafmawere/Library/Developer/Xcode/DerivedData/Tribeboard-hdigiwhflrfqtodtlckntnnupjxx/Index.noindex/DataStore -Xcc -D_LIBCPP_HARDENING_MODE\=_LIBCPP_HARDENING_MODE_DEBUG -swift-version 5 -I /Users/tafmawere/Library/Developer/Xcode/DerivedData/Tribeboard-hdigiwhflrfqtodtlckntnnupjxx/Build/Products/Debug-iphonesimulator -F /Users/tafmawere/Library/Developer/Xcode/DerivedData/Tribeboard-hdigiwhflrfqtodtlckntnnupjxx/Build/Products/Debug-iphonesimulator -emit-localized-strings -emit-localized-strings-path /Users/tafmawere/Library/Developer/Xcode/DerivedData/Tribeboard-hdigiwhflrfqtodtlckntnnupjxx/Build/Intermediates.noindex/Tribeboard.build/Debug-iphonesimulator/Tribeboard.build/Objects-normal/arm64 -c -j12 -enable-batch-mode -incremental -Xcc -ivfsstatcache -Xcc /Users/tafmawere/Library/Developer/Xcode/DerivedData/SDKStatCaches.noindex/iphonesimulator26.2-23C53-7d00a8b37fbd7999ea79df8ebc024bf0.sdkstatcache -output-file-map /Users/tafmawere/Library/Developer/Xcode/DerivedData/Tribeboard-hdigiwhflrfqtodtlckntnnupjxx/Build/Intermediates.noindex/Tribeboard.build/Debug-iphonesimulator/Tribeboard.build/Objects-normal/arm64/Tribeboard-OutputFileMap.json -use-frontend-parseable-output -save-temps -no-color-diagnostics -explicit-module-build -module-cache-path /Users/tafmawere/Library/Developer/Xcode/DerivedData/Tribeboard-hdigiwhflrfqtodtlckntnnupjxx/Build/Intermediates.noindex/SwiftExplicitPrecompiledModules -clang-scanner-module-cache-path /Users/tafmawere/Library/Developer/Xcode/DerivedData/ModuleCache.noindex -sdk-module-cache-path /Users/tafmawere/Library/Developer/Xcode/DerivedData/ModuleCache.noindex -serialize-diagnostics -emit-dependencies -emit-module -emit-module-path /Users/tafmawere/Library/Developer/Xcode/DerivedData/Tribeboard-hdigiwhflrfqtodtlckntnnupjxx/Build/Intermediates.noindex/Tribeboard.build/Debug-iphonesimulator/Tribeboard.build/Objects-normal/arm64/Tribeboard.swiftmodule -validate-clang-modules-once -clang-build-session-file /Users/tafmawere/Library/Developer/Xcode/DerivedData/ModuleCache.noindex/Session.modulevalidation -Xcc -I/Users/tafmawere/Library/Developer/Xcode/DerivedData/Tribeboard-hdigiwhflrfqtodtlckntnnupjxx/Build/Intermediates.noindex/Tribeboard.build/Debug-iphonesimulator/Tribeboard.build/swift-overrides.hmap -emit-const-values -Xfrontend -const-gather-protocols-file -Xfrontend /Users/tafmawere/Library/Developer/Xcode/DerivedData/Tribeboard-hdigiwhflrfqtodtlckntnnupjxx/Build/Intermediates.noindex/Tribeboard.build/Debug-iphonesimulator/Tribeboard.build/Objects-normal/arm64/Tribeboard_const_extract_protocols.json -Xcc -iquote -Xcc /Users/tafmawere/Library/Developer/Xcode/DerivedData/Tribeboard-hdigiwhflrfqtodtlckntnnupjxx/Build/Intermediates.noindex/Tribeboard.build/Debug-iphonesimulator/Tribeboard.build/Tribeboard-generated-files.hmap -Xcc -I/Users/tafmawere/Library/Developer/Xcode/DerivedData/Tribeboard-hdigiwhflrfqtodtlckntnnupjxx/Build/Intermediates.noindex/Tribeboard.build/Debug-iphonesimulator/Tribeboard.build/Tribeboard-own-target-headers.hmap -Xcc -I/Users/tafmawere/Library/Developer/Xcode/DerivedData/Tribeboard-hdigiwhflrfqtodtlckntnnupjxx/Build/Intermediates.noindex/Tribeboard.build/Debug-iphonesimulator/Tribeboard.build/Tribeboard-all-target-headers.hmap -Xcc -iquote -Xcc /Users/tafmawere/Library/Developer/Xcode/DerivedData/Tribeboard-hdigiwhflrfqtodtlckntnnupjxx/Build/Intermediates.noindex/Tribeboard.build/Debug-iphonesimulator/Tribeboard.build/Tribeboard-project-headers.hmap -Xcc -I/Users/tafmawere/Library/Developer/Xcode/DerivedData/Tribeboard-hdigiwhflrfqtodtlckntnnupjxx/Build/Products/Debug-iphonesimulator/include -Xcc -I/Users/tafmawere/Library/Developer/Xcode/DerivedData/Tribeboard-hdigiwhflrfqtodtlckntnnupjxx/Build/Intermediates.noindex/Tribeboard.build/Debug-iphonesimulator/Tribeboard.build/DerivedSources-normal/arm64 -Xcc -I/Users/tafmawere/Library/Developer/Xcode/DerivedData/Tribeboard-hdigiwhflrfqtodtlckntnnupjxx/Build/Intermediates.noindex/Tribeboard.build/Debug-iphonesimulator/Tribeboard.build/DerivedSources/arm64 -Xcc -I/Users/tafmawere/Library/Developer/Xcode/DerivedData/Tribeboard-hdigiwhflrfqtodtlckntnnupjxx/Build/Intermediates.noindex/Tribeboard.build/Debug-iphonesimulator/Tribeboard.build/DerivedSources -Xcc -DDEBUG\=1 -emit-objc-header -emit-objc-header-path /Users/tafmawere/Library/Developer/Xcode/DerivedData/Tribeboard-hdigiwhflrfqtodtlckntnnupjxx/Build/Intermediates.noindex/Tribeboard.build/Debug-iphonesimulator/Tribeboard.build/Objects-normal/arm64/Tribeboard-Swift.h -working-directory /Users/tafmawere/Projects\ Kiro/Tribeboard_MVP/Tribeboard -experimental-emit-module-separately -disable-cmo

SwiftCompile normal arm64 Compiling\ ScheduleStore.swift,\ AdminNotificationService.swift,\ AppLifecycleManager.swift,\ CacheManagementService.swift,\ CoreDataService.swift,\ DebugAssertions.swift,\ DebugStateManager.swift,\ DelayNotificationService.swift /Users/tafmawere/Projects\ Kiro/Tribeboard_MVP/Tribeboard/Tribeboard/Services/Scheduling/ScheduleStore.swift /Users/tafmawere/Projects\ Kiro/Tribeboard_MVP/Tribeboard/Tribeboard/Services/AdminNotificationService.swift /Users/tafmawere/Projects\ Kiro/Tribeboard_MVP/Tribeboard/Tribeboard/Services/AppLifecycleManager.swift /Users/tafmawere/Projects\ Kiro/Tribeboard_MVP/Tribeboard/Tribeboard/Services/CacheManagementService.swift /Users/tafmawere/Projects\ Kiro/Tribeboard_MVP/Tribeboard/Tribeboard/Services/CoreDataService.swift /Users/tafmawere/Projects\ Kiro/Tribeboard_MVP/Tribeboard/Tribeboard/Services/DebugAssertions.swift /Users/tafmawere/Projects\ Kiro/Tribeboard_MVP/Tribeboard/Tribeboard/Services/DebugStateManager.swift /Users/tafmawere/Projects\ Kiro/Tribeboard_MVP/Tribeboard/Tribeboard/Services/DelayNotificationService.swift (in target 'Tribeboard' from project 'Tribeboard')

SwiftCompile normal arm64 /Users/tafmawere/Projects\ Kiro/Tribeboard_MVP/Tribeboard/Tribeboard/Services/Scheduling/ScheduleStore.swift (in target 'Tribeboard' from project 'Tribeboard')
    cd /Users/tafmawere/Projects\ Kiro/Tribeboard_MVP/Tribeboard
    
/Users/tafmawere/Projects Kiro/Tribeboard_MVP/Tribeboard/Tribeboard/Services/CacheManagementService.swift:222:24: warning: call to main actor-isolated instance method 'logError(_:context:additionalInfo:)' in a synchronous nonisolated context
                logger.logError(
                       ^
/Users/tafmawere/Projects Kiro/Tribeboard_MVP/Tribeboard/Tribeboard/Services/PrivacyPreservingLogger.swift:44:10: note: calls to instance method 'logError(_:context:additionalInfo:)' from outside of its actor context are implicitly asynchronous
    func logError(
         ^

SwiftCompile normal arm64 /Users/tafmawere/Projects\ Kiro/Tribeboard_MVP/Tribeboard/Tribeboard/Services/AdminNotificationService.swift (in target 'Tribeboard' from project 'Tribeboard')
    cd /Users/tafmawere/Projects\ Kiro/Tribeboard_MVP/Tribeboard
    
/Users/tafmawere/Projects Kiro/Tribeboard_MVP/Tribeboard/Tribeboard/Services/CacheManagementService.swift:222:24: warning: call to main actor-isolated instance method 'logError(_:context:additionalInfo:)' in a synchronous nonisolated context
                logger.logError(
                       ^
/Users/tafmawere/Projects Kiro/Tribeboard_MVP/Tribeboard/Tribeboard/Services/PrivacyPreservingLogger.swift:44:10: note: calls to instance method 'logError(_:context:additionalInfo:)' from outside of its actor context are implicitly asynchronous
    func logError(
         ^

SwiftCompile normal arm64 /Users/tafmawere/Projects\ Kiro/Tribeboard_MVP/Tribeboard/Tribeboard/Services/AppLifecycleManager.swift (in target 'Tribeboard' from project 'Tribeboard')
    cd /Users/tafmawere/Projects\ Kiro/Tribeboard_MVP/Tribeboard
    
/Users/tafmawere/Projects Kiro/Tribeboard_MVP/Tribeboard/Tribeboard/Services/CacheManagementService.swift:222:24: warning: call to main actor-isolated instance method 'logError(_:context:additionalInfo:)' in a synchronous nonisolated context
                logger.logError(
                       ^
/Users/tafmawere/Projects Kiro/Tribeboard_MVP/Tribeboard/Tribeboard/Services/PrivacyPreservingLogger.swift:44:10: note: calls to instance method 'logError(_:context:additionalInfo:)' from outside of its actor context are implicitly asynchronous
    func logError(
         ^

SwiftCompile normal arm64 /Users/tafmawere/Projects\ Kiro/Tribeboard_MVP/Tribeboard/Tribeboard/Services/CacheManagementService.swift (in target 'Tribeboard' from project 'Tribeboard')
    cd /Users/tafmawere/Projects\ Kiro/Tribeboard_MVP/Tribeboard
    
/Users/tafmawere/Projects Kiro/Tribeboard_MVP/Tribeboard/Tribeboard/Services/CacheManagementService.swift:222:24: warning: call to main actor-isolated instance method 'logError(_:context:additionalInfo:)' in a synchronous nonisolated context
                logger.logError(
                       ^
/Users/tafmawere/Projects Kiro/Tribeboard_MVP/Tribeboard/Tribeboard/Services/PrivacyPreservingLogger.swift:44:10: note: calls to instance method 'logError(_:context:additionalInfo:)' from outside of its actor context are implicitly asynchronous
    func logError(
         ^

SwiftCompile normal arm64 /Users/tafmawere/Projects\ Kiro/Tribeboard_MVP/Tribeboard/Tribeboard/Services/CoreDataService.swift (in target 'Tribeboard' from project 'Tribeboard')
    cd /Users/tafmawere/Projects\ Kiro/Tribeboard_MVP/Tribeboard
    
/Users/tafmawere/Projects Kiro/Tribeboard_MVP/Tribeboard/Tribeboard/Services/CacheManagementService.swift:222:24: warning: call to main actor-isolated instance method 'logError(_:context:additionalInfo:)' in a synchronous nonisolated context
                logger.logError(
                       ^
/Users/tafmawere/Projects Kiro/Tribeboard_MVP/Tribeboard/Tribeboard/Services/PrivacyPreservingLogger.swift:44:10: note: calls to instance method 'logError(_:context:additionalInfo:)' from outside of its actor context are implicitly asynchronous
    func logError(
         ^

SwiftCompile normal arm64 /Users/tafmawere/Projects\ Kiro/Tribeboard_MVP/Tribeboard/Tribeboard/Services/DebugAssertions.swift (in target 'Tribeboard' from project 'Tribeboard')
    cd /Users/tafmawere/Projects\ Kiro/Tribeboard_MVP/Tribeboard
    
/Users/tafmawere/Projects Kiro/Tribeboard_MVP/Tribeboard/Tribeboard/Services/CacheManagementService.swift:222:24: warning: call to main actor-isolated instance method 'logError(_:context:additionalInfo:)' in a synchronous nonisolated context
                logger.logError(
                       ^
/Users/tafmawere/Projects Kiro/Tribeboard_MVP/Tribeboard/Tribeboard/Services/PrivacyPreservingLogger.swift:44:10: note: calls to instance method 'logError(_:context:additionalInfo:)' from outside of its actor context are implicitly asynchronous
    func logError(
         ^

SwiftCompile normal arm64 /Users/tafmawere/Projects\ Kiro/Tribeboard_MVP/Tribeboard/Tribeboard/Services/DebugStateManager.swift (in target 'Tribeboard' from project 'Tribeboard')
    cd /Users/tafmawere/Projects\ Kiro/Tribeboard_MVP/Tribeboard
    
/Users/tafmawere/Projects Kiro/Tribeboard_MVP/Tribeboard/Tribeboard/Services/CacheManagementService.swift:222:24: warning: call to main actor-isolated instance method 'logError(_:context:additionalInfo:)' in a synchronous nonisolated context
                logger.logError(
                       ^
/Users/tafmawere/Projects Kiro/Tribeboard_MVP/Tribeboard/Tribeboard/Services/PrivacyPreservingLogger.swift:44:10: note: calls to instance method 'logError(_:context:additionalInfo:)' from outside of its actor context are implicitly asynchronous
    func logError(
         ^

SwiftCompile normal arm64 /Users/tafmawere/Projects\ Kiro/Tribeboard_MVP/Tribeboard/Tribeboard/Services/DelayNotificationService.swift (in target 'Tribeboard' from project 'Tribeboard')
    cd /Users/tafmawere/Projects\ Kiro/Tribeboard_MVP/Tribeboard
    
/Users/tafmawere/Projects Kiro/Tribeboard_MVP/Tribeboard/Tribeboard/Services/CacheManagementService.swift:222:24: warning: call to main actor-isolated instance method 'logError(_:context:additionalInfo:)' in a synchronous nonisolated context
                logger.logError(
                       ^
/Users/tafmawere/Projects Kiro/Tribeboard_MVP/Tribeboard/Tribeboard/Services/PrivacyPreservingLogger.swift:44:10: note: calls to instance method 'logError(_:context:additionalInfo:)' from outside of its actor context are implicitly asynchronous
    func logError(
         ^

SwiftCompile normal arm64 Compiling\ AppCoordinator.swift,\ FamilyMemberDisplay.swift,\ FamilyRole.swift,\ Run.swift,\ RunEvent.swift,\ RunMaterializer.swift,\ RunSchedule.swift,\ ScheduleRunGenerator.swift /Users/tafmawere/Projects\ Kiro/Tribeboard_MVP/Tribeboard/Tribeboard/Coordinators/AppCoordinator.swift /Users/tafmawere/Projects\ Kiro/Tribeboard_MVP/Tribeboard/Tribeboard/Models/FamilyMemberDisplay.swift /Users/tafmawere/Projects\ Kiro/Tribeboard_MVP/Tribeboard/Tribeboard/Models/FamilyRole.swift /Users/tafmawere/Projects\ Kiro/Tribeboard_MVP/Tribeboard/Tribeboard/Models/Run.swift /Users/tafmawere/Projects\ Kiro/Tribeboard_MVP/Tribeboard/Tribeboard/Models/RunEvent.swift /Users/tafmawere/Projects\ Kiro/Tribeboard_MVP/Tribeboard/Tribeboard/Services/Scheduling/RunMaterializer.swift /Users/tafmawere/Projects\ Kiro/Tribeboard_MVP/Tribeboard/Tribeboard/Services/Scheduling/RunSchedule.swift /Users/tafmawere/Projects\ Kiro/Tribeboard_MVP/Tribeboard/Tribeboard/Services/Scheduling/ScheduleRunGenerator.swift (in target 'Tribeboard' from project 'Tribeboard')

SwiftCompile normal arm64 /Users/tafmawere/Projects\ Kiro/Tribeboard_MVP/Tribeboard/Tribeboard/Coordinators/AppCoordinator.swift (in target 'Tribeboard' from project 'Tribeboard')
    cd /Users/tafmawere/Projects\ Kiro/Tribeboard_MVP/Tribeboard
    

SwiftCompile normal arm64 /Users/tafmawere/Projects\ Kiro/Tribeboard_MVP/Tribeboard/Tribeboard/Models/FamilyMemberDisplay.swift (in target 'Tribeboard' from project 'Tribeboard')
    cd /Users/tafmawere/Projects\ Kiro/Tribeboard_MVP/Tribeboard
    

SwiftCompile normal arm64 /Users/tafmawere/Projects\ Kiro/Tribeboard_MVP/Tribeboard/Tribeboard/Models/FamilyRole.swift (in target 'Tribeboard' from project 'Tribeboard')
    cd /Users/tafmawere/Projects\ Kiro/Tribeboard_MVP/Tribeboard
    

SwiftCompile normal arm64 /Users/tafmawere/Projects\ Kiro/Tribeboard_MVP/Tribeboard/Tribeboard/Models/Run.swift (in target 'Tribeboard' from project 'Tribeboard')
    cd /Users/tafmawere/Projects\ Kiro/Tribeboard_MVP/Tribeboard
    

SwiftCompile normal arm64 /Users/tafmawere/Projects\ Kiro/Tribeboard_MVP/Tribeboard/Tribeboard/Models/RunEvent.swift (in target 'Tribeboard' from project 'Tribeboard')
    cd /Users/tafmawere/Projects\ Kiro/Tribeboard_MVP/Tribeboard
    

SwiftCompile normal arm64 /Users/tafmawere/Projects\ Kiro/Tribeboard_MVP/Tribeboard/Tribeboard/Services/Scheduling/RunMaterializer.swift (in target 'Tribeboard' from project 'Tribeboard')
    cd /Users/tafmawere/Projects\ Kiro/Tribeboard_MVP/Tribeboard
    

SwiftCompile normal arm64 /Users/tafmawere/Projects\ Kiro/Tribeboard_MVP/Tribeboard/Tribeboard/Services/Scheduling/RunSchedule.swift (in target 'Tribeboard' from project 'Tribeboard')
    cd /Users/tafmawere/Projects\ Kiro/Tribeboard_MVP/Tribeboard
    

SwiftCompile normal arm64 /Users/tafmawere/Projects\ Kiro/Tribeboard_MVP/Tribeboard/Tribeboard/Services/Scheduling/ScheduleRunGenerator.swift (in target 'Tribeboard' from project 'Tribeboard')
    cd /Users/tafmawere/Projects\ Kiro/Tribeboard_MVP/Tribeboard
    
/Users/tafmawere/Projects Kiro/Tribeboard_MVP/Tribeboard/Tribeboard/Services/Scheduling/ScheduleRunGenerator.swift:115:26: warning: immutable value 'weekdays' was never used; consider replacing with '_' or removing it
        case .weekly(let weekdays):
                     ~~~~^~~~~~~~
                     _

SwiftCompile normal arm64 Compiling\ RunCreationViewModel.swift,\ RunFocusViewModel.swift,\ ScreenContracts.swift,\ Step1MetadataViewModel.swift,\ Step2DriverViewModel.swift,\ Step3PassengerViewModel.swift,\ Step4StopsViewModel.swift /Users/tafmawere/Projects\ Kiro/Tribeboard_MVP/Tribeboard/Tribeboard/ViewModels/RunCreationViewModel.swift /Users/tafmawere/Projects\ Kiro/Tribeboard_MVP/Tribeboard/Tribeboard/ViewModels/RunFocusViewModel.swift /Users/tafmawere/Projects\ Kiro/Tribeboard_MVP/Tribeboard/Tribeboard/ViewModels/ScreenContracts.swift /Users/tafmawere/Projects\ Kiro/Tribeboard_MVP/Tribeboard/Tribeboard/ViewModels/Step1MetadataViewModel.swift /Users/tafmawere/Projects\ Kiro/Tribeboard_MVP/Tribeboard/Tribeboard/ViewModels/Step2DriverViewModel.swift /Users/tafmawere/Projects\ Kiro/Tribeboard_MVP/Tribeboard/Tribeboard/ViewModels/Step3PassengerViewModel.swift /Users/tafmawere/Projects\ Kiro/Tribeboard_MVP/Tribeboard/Tribeboard/ViewModels/Step4StopsViewModel.swift (in target 'Tribeboard' from project 'Tribeboard')

SwiftCompile normal arm64 /Users/tafmawere/Projects\ Kiro/Tribeboard_MVP/Tribeboard/Tribeboard/ViewModels/RunCreationViewModel.swift (in target 'Tribeboard' from project 'Tribeboard')
    cd /Users/tafmawere/Projects\ Kiro/Tribeboard_MVP/Tribeboard
    

SwiftCompile normal arm64 /Users/tafmawere/Projects\ Kiro/Tribeboard_MVP/Tribeboard/Tribeboard/ViewModels/RunFocusViewModel.swift (in target 'Tribeboard' from project 'Tribeboard')
    cd /Users/tafmawere/Projects\ Kiro/Tribeboard_MVP/Tribeboard
    

SwiftCompile normal arm64 /Users/tafmawere/Projects\ Kiro/Tribeboard_MVP/Tribeboard/Tribeboard/ViewModels/ScreenContracts.swift (in target 'Tribeboard' from project 'Tribeboard')
    cd /Users/tafmawere/Projects\ Kiro/Tribeboard_MVP/Tribeboard
    

SwiftCompile normal arm64 /Users/tafmawere/Projects\ Kiro/Tribeboard_MVP/Tribeboard/Tribeboard/ViewModels/Step1MetadataViewModel.swift (in target 'Tribeboard' from project 'Tribeboard')
    cd /Users/tafmawere/Projects\ Kiro/Tribeboard_MVP/Tribeboard
    

SwiftCompile normal arm64 /Users/tafmawere/Projects\ Kiro/Tribeboard_MVP/Tribeboard/Tribeboard/ViewModels/Step2DriverViewModel.swift (in target 'Tribeboard' from project 'Tribeboard')
    cd /Users/tafmawere/Projects\ Kiro/Tribeboard_MVP/Tribeboard
    

SwiftCompile normal arm64 /Users/tafmawere/Projects\ Kiro/Tribeboard_MVP/Tribeboard/Tribeboard/ViewModels/Step3PassengerViewModel.swift (in target 'Tribeboard' from project 'Tribeboard')
    cd /Users/tafmawere/Projects\ Kiro/Tribeboard_MVP/Tribeboard
    

SwiftCompile normal arm64 /Users/tafmawere/Projects\ Kiro/Tribeboard_MVP/Tribeboard/Tribeboard/ViewModels/Step4StopsViewModel.swift (in target 'Tribeboard' from project 'Tribeboard')
    cd /Users/tafmawere/Projects\ Kiro/Tribeboard_MVP/Tribeboard
    

SwiftEmitModule normal arm64 Emitting\ module\ for\ Tribeboard (in target 'Tribeboard' from project 'Tribeboard')

EmitSwiftModule normal arm64 (in target 'Tribeboard' from project 'Tribeboard')
    cd /Users/tafmawere/Projects\ Kiro/Tribeboard_MVP/Tribeboard
    

SwiftCompile normal arm64 Compiling\ ActivityPlaceholderView.swift,\ CalendarView.swift,\ DayScheduleListView.swift,\ ScheduleEditorView.swift,\ PermissionRow.swift,\ ProfileCard.swift,\ RoleBadge.swift /Users/tafmawere/Projects\ Kiro/Tribeboard_MVP/Tribeboard/Tribeboard/Views/Activity/ActivityPlaceholderView.swift /Users/tafmawere/Projects\ Kiro/Tribeboard_MVP/Tribeboard/Tribeboard/Views/Calendar/CalendarView.swift /Users/tafmawere/Projects\ Kiro/Tribeboard_MVP/Tribeboard/Tribeboard/Views/Calendar/DayScheduleListView.swift /Users/tafmawere/Projects\ Kiro/Tribeboard_MVP/Tribeboard/Tribeboard/Views/Calendar/ScheduleEditorView.swift /Users/tafmawere/Projects\ Kiro/Tribeboard_MVP/Tribeboard/Tribeboard/Views/Components/PermissionRow.swift /Users/tafmawere/Projects\ Kiro/Tribeboard_MVP/Tribeboard/Tribeboard/Views/Components/ProfileCard.swift /Users/tafmawere/Projects\ Kiro/Tribeboard_MVP/Tribeboard/Tribeboard/Views/Components/RoleBadge.swift (in target 'Tribeboard' from project 'Tribeboard')

SwiftCompile normal arm64 /Users/tafmawere/Projects\ Kiro/Tribeboard_MVP/Tribeboard/Tribeboard/Views/Activity/ActivityPlaceholderView.swift (in target 'Tribeboard' from project 'Tribeboard')
    cd /Users/tafmawere/Projects\ Kiro/Tribeboard_MVP/Tribeboard
    

SwiftCompile normal arm64 /Users/tafmawere/Projects\ Kiro/Tribeboard_MVP/Tribeboard/Tribeboard/Views/Calendar/CalendarView.swift (in target 'Tribeboard' from project 'Tribeboard')
    cd /Users/tafmawere/Projects\ Kiro/Tribeboard_MVP/Tribeboard
    

SwiftCompile normal arm64 /Users/tafmawere/Projects\ Kiro/Tribeboard_MVP/Tribeboard/Tribeboard/Views/Calendar/DayScheduleListView.swift (in target 'Tribeboard' from project 'Tribeboard')
    cd /Users/tafmawere/Projects\ Kiro/Tribeboard_MVP/Tribeboard
    

SwiftCompile normal arm64 /Users/tafmawere/Projects\ Kiro/Tribeboard_MVP/Tribeboard/Tribeboard/Views/Calendar/ScheduleEditorView.swift (in target 'Tribeboard' from project 'Tribeboard')
    cd /Users/tafmawere/Projects\ Kiro/Tribeboard_MVP/Tribeboard
    

SwiftCompile normal arm64 /Users/tafmawere/Projects\ Kiro/Tribeboard_MVP/Tribeboard/Tribeboard/Views/Components/PermissionRow.swift (in target 'Tribeboard' from project 'Tribeboard')
    cd /Users/tafmawere/Projects\ Kiro/Tribeboard_MVP/Tribeboard
    

SwiftCompile normal arm64 /Users/tafmawere/Projects\ Kiro/Tribeboard_MVP/Tribeboard/Tribeboard/Views/Components/ProfileCard.swift (in target 'Tribeboard' from project 'Tribeboard')
    cd /Users/tafmawere/Projects\ Kiro/Tribeboard_MVP/Tribeboard
    

SwiftCompile normal arm64 /Users/tafmawere/Projects\ Kiro/Tribeboard_MVP/Tribeboard/Tribeboard/Views/Components/RoleBadge.swift (in target 'Tribeboard' from project 'Tribeboard')
    cd /Users/tafmawere/Projects\ Kiro/Tribeboard_MVP/Tribeboard
    

SwiftCompile normal arm64 Compiling\ DemoRunPlaybackController.swift,\ DemoSeedDataService.swift,\ DependencyContainer.swift,\ DynamicRoleUpdateService.swift,\ ErrorHandlingCoordinator.swift,\ ErrorHandlingService.swift,\ ErrorLoggingIntegration.swift,\ ErrorRecoveryService.swift /Users/tafmawere/Projects\ Kiro/Tribeboard_MVP/Tribeboard/Tribeboard/Services/DemoRunPlaybackController.swift /Users/tafmawere/Projects\ Kiro/Tribeboard_MVP/Tribeboard/Tribeboard/Services/DemoSeedDataService.swift /Users/tafmawere/Projects\ Kiro/Tribeboard_MVP/Tribeboard/Tribeboard/Services/DependencyContainer.swift /Users/tafmawere/Projects\ Kiro/Tribeboard_MVP/Tribeboard/Tribeboard/Services/DynamicRoleUpdateService.swift /Users/tafmawere/Projects\ Kiro/Tribeboard_MVP/Tribeboard/Tribeboard/Services/ErrorHandlingCoordinator.swift /Users/tafmawere/Projects\ Kiro/Tribeboard_MVP/Tribeboard/Tribeboard/Services/ErrorHandlingService.swift /Users/tafmawere/Projects\ Kiro/Tribeboard_MVP/Tribeboard/Tribeboard/Services/ErrorLoggingIntegration.swift /Users/tafmawere/Projects\ Kiro/Tribeboard_MVP/Tribeboard/Tribeboard/Services/ErrorRecoveryService.swift (in target 'Tribeboard' from project 'Tribeboard')

SwiftCompile normal arm64 /Users/tafmawere/Projects\ Kiro/Tribeboard_MVP/Tribeboard/Tribeboard/Services/DemoRunPlaybackController.swift (in target 'Tribeboard' from project 'Tribeboard')
    cd /Users/tafmawere/Projects\ Kiro/Tribeboard_MVP/Tribeboard
    

SwiftCompile normal arm64 /Users/tafmawere/Projects\ Kiro/Tribeboard_MVP/Tribeboard/Tribeboard/Services/DemoSeedDataService.swift (in target 'Tribeboard' from project 'Tribeboard')
    cd /Users/tafmawere/Projects\ Kiro/Tribeboard_MVP/Tribeboard
    

SwiftCompile normal arm64 /Users/tafmawere/Projects\ Kiro/Tribeboard_MVP/Tribeboard/Tribeboard/Services/DependencyContainer.swift (in target 'Tribeboard' from project 'Tribeboard')
    cd /Users/tafmawere/Projects\ Kiro/Tribeboard_MVP/Tribeboard
    

SwiftCompile normal arm64 /Users/tafmawere/Projects\ Kiro/Tribeboard_MVP/Tribeboard/Tribeboard/Services/DynamicRoleUpdateService.swift (in target 'Tribeboard' from project 'Tribeboard')
    cd /Users/tafmawere/Projects\ Kiro/Tribeboard_MVP/Tribeboard
    

SwiftCompile normal arm64 /Users/tafmawere/Projects\ Kiro/Tribeboard_MVP/Tribeboard/Tribeboard/Services/ErrorHandlingCoordinator.swift (in target 'Tribeboard' from project 'Tribeboard')
    cd /Users/tafmawere/Projects\ Kiro/Tribeboard_MVP/Tribeboard
    

SwiftCompile normal arm64 /Users/tafmawere/Projects\ Kiro/Tribeboard_MVP/Tribeboard/Tribeboard/Services/ErrorHandlingService.swift (in target 'Tribeboard' from project 'Tribeboard')
    cd /Users/tafmawere/Projects\ Kiro/Tribeboard_MVP/Tribeboard
    

SwiftCompile normal arm64 /Users/tafmawere/Projects\ Kiro/Tribeboard_MVP/Tribeboard/Tribeboard/Services/ErrorLoggingIntegration.swift (in target 'Tribeboard' from project 'Tribeboard')
    cd /Users/tafmawere/Projects\ Kiro/Tribeboard_MVP/Tribeboard
    

SwiftCompile normal arm64 /Users/tafmawere/Projects\ Kiro/Tribeboard_MVP/Tribeboard/Tribeboard/Services/ErrorRecoveryService.swift (in target 'Tribeboard' from project 'Tribeboard')
    cd /Users/tafmawere/Projects\ Kiro/Tribeboard_MVP/Tribeboard
    

SwiftCompile normal arm64 Compiling\ RunStateMachine.swift,\ SynchronizationCoordinator.swift,\ FamilyViewModel.swift,\ ActivityStreamViewModel.swift,\ DriverFocusModeViewModel.swift,\ HomeDashboardViewModel.swift,\ ObserverTrackingViewModel.swift /Users/tafmawere/Projects\ Kiro/Tribeboard_MVP/Tribeboard/Tribeboard/Services/RunStateMachine.swift /Users/tafmawere/Projects\ Kiro/Tribeboard_MVP/Tribeboard/Tribeboard/Services/SynchronizationCoordinator.swift /Users/tafmawere/Projects\ Kiro/Tribeboard_MVP/Tribeboard/Tribeboard/ViewModels/Family/FamilyViewModel.swift /Users/tafmawere/Projects\ Kiro/Tribeboard_MVP/Tribeboard/Tribeboard/ViewModels/ActivityStreamViewModel.swift /Users/tafmawere/Projects\ Kiro/Tribeboard_MVP/Tribeboard/Tribeboard/ViewModels/DriverFocusModeViewModel.swift /Users/tafmawere/Projects\ Kiro/Tribeboard_MVP/Tribeboard/Tribeboard/ViewModels/HomeDashboardViewModel.swift /Users/tafmawere/Projects\ Kiro/Tribeboard_MVP/Tribeboard/Tribeboard/ViewModels/ObserverTrackingViewModel.swift (in target 'Tribeboard' from project 'Tribeboard')

SwiftCompile normal arm64 /Users/tafmawere/Projects\ Kiro/Tribeboard_MVP/Tribeboard/Tribeboard/Services/RunStateMachine.swift (in target 'Tribeboard' from project 'Tribeboard')
    cd /Users/tafmawere/Projects\ Kiro/Tribeboard_MVP/Tribeboard
    

SwiftCompile normal arm64 /Users/tafmawere/Projects\ Kiro/Tribeboard_MVP/Tribeboard/Tribeboard/Services/SynchronizationCoordinator.swift (in target 'Tribeboard' from project 'Tribeboard')
    cd /Users/tafmawere/Projects\ Kiro/Tribeboard_MVP/Tribeboard
    

SwiftCompile normal arm64 /Users/tafmawere/Projects\ Kiro/Tribeboard_MVP/Tribeboard/Tribeboard/ViewModels/Family/FamilyViewModel.swift (in target 'Tribeboard' from project 'Tribeboard')
    cd /Users/tafmawere/Projects\ Kiro/Tribeboard_MVP/Tribeboard
    

SwiftCompile normal arm64 /Users/tafmawere/Projects\ Kiro/Tribeboard_MVP/Tribeboard/Tribeboard/ViewModels/ActivityStreamViewModel.swift (in target 'Tribeboard' from project 'Tribeboard')
    cd /Users/tafmawere/Projects\ Kiro/Tribeboard_MVP/Tribeboard
    

SwiftCompile normal arm64 /Users/tafmawere/Projects\ Kiro/Tribeboard_MVP/Tribeboard/Tribeboard/ViewModels/DriverFocusModeViewModel.swift (in target 'Tribeboard' from project 'Tribeboard')
    cd /Users/tafmawere/Projects\ Kiro/Tribeboard_MVP/Tribeboard
    

SwiftCompile normal arm64 /Users/tafmawere/Projects\ Kiro/Tribeboard_MVP/Tribeboard/Tribeboard/ViewModels/HomeDashboardViewModel.swift (in target 'Tribeboard' from project 'Tribeboard')
    cd /Users/tafmawere/Projects\ Kiro/Tribeboard_MVP/Tribeboard
    

SwiftCompile normal arm64 /Users/tafmawere/Projects\ Kiro/Tribeboard_MVP/Tribeboard/Tribeboard/ViewModels/ObserverTrackingViewModel.swift (in target 'Tribeboard' from project 'Tribeboard')
    cd /Users/tafmawere/Projects\ Kiro/Tribeboard_MVP/Tribeboard
    

SwiftCompile normal arm64 Compiling\ SettingsPlaceholderView.swift,\ SettingsView.swift,\ ActivityStreamIntegrationExample.swift,\ ActivityStreamView.swift,\ AdminResolutionView.swift,\ DebugOverlayView.swift,\ DesignSystem.swift /Users/tafmawere/Projects\ Kiro/Tribeboard_MVP/Tribeboard/Tribeboard/Views/Settings/SettingsPlaceholderView.swift /Users/tafmawere/Projects\ Kiro/Tribeboard_MVP/Tribeboard/Tribeboard/Views/Settings/SettingsView.swift /Users/tafmawere/Projects\ Kiro/Tribeboard_MVP/Tribeboard/Tribeboard/Views/ActivityStreamIntegrationExample.swift /Users/tafmawere/Projects\ Kiro/Tribeboard_MVP/Tribeboard/Tribeboard/Views/ActivityStreamView.swift /Users/tafmawere/Projects\ Kiro/Tribeboard_MVP/Tribeboard/Tribeboard/Views/AdminResolutionView.swift /Users/tafmawere/Projects\ Kiro/Tribeboard_MVP/Tribeboard/Tribeboard/Views/DebugOverlayView.swift /Users/tafmawere/Projects\ Kiro/Tribeboard_MVP/Tribeboard/Tribeboard/Views/DesignSystem.swift (in target 'Tribeboard' from project 'Tribeboard')

SwiftCompile normal arm64 /Users/tafmawere/Projects\ Kiro/Tribeboard_MVP/Tribeboard/Tribeboard/Views/Settings/SettingsPlaceholderView.swift (in target 'Tribeboard' from project 'Tribeboard')
    cd /Users/tafmawere/Projects\ Kiro/Tribeboard_MVP/Tribeboard
    

SwiftCompile normal arm64 /Users/tafmawere/Projects\ Kiro/Tribeboard_MVP/Tribeboard/Tribeboard/Views/Settings/SettingsView.swift (in target 'Tribeboard' from project 'Tribeboard')
    cd /Users/tafmawere/Projects\ Kiro/Tribeboard_MVP/Tribeboard
    

SwiftCompile normal arm64 /Users/tafmawere/Projects\ Kiro/Tribeboard_MVP/Tribeboard/Tribeboard/Views/ActivityStreamIntegrationExample.swift (in target 'Tribeboard' from project 'Tribeboard')
    cd /Users/tafmawere/Projects\ Kiro/Tribeboard_MVP/Tribeboard
    

SwiftCompile normal arm64 /Users/tafmawere/Projects\ Kiro/Tribeboard_MVP/Tribeboard/Tribeboard/Views/ActivityStreamView.swift (in target 'Tribeboard' from project 'Tribeboard')
    cd /Users/tafmawere/Projects\ Kiro/Tribeboard_MVP/Tribeboard
    

SwiftCompile normal arm64 /Users/tafmawere/Projects\ Kiro/Tribeboard_MVP/Tribeboard/Tribeboard/Views/AdminResolutionView.swift (in target 'Tribeboard' from project 'Tribeboard')
    cd /Users/tafmawere/Projects\ Kiro/Tribeboard_MVP/Tribeboard
    

SwiftCompile normal arm64 /Users/tafmawere/Projects\ Kiro/Tribeboard_MVP/Tribeboard/Tribeboard/Views/DebugOverlayView.swift (in target 'Tribeboard' from project 'Tribeboard')
    cd /Users/tafmawere/Projects\ Kiro/Tribeboard_MVP/Tribeboard
    

SwiftCompile normal arm64 /Users/tafmawere/Projects\ Kiro/Tribeboard_MVP/Tribeboard/Tribeboard/Views/DesignSystem.swift (in target 'Tribeboard' from project 'Tribeboard')
    cd /Users/tafmawere/Projects\ Kiro/Tribeboard_MVP/Tribeboard
    

SwiftCompile normal arm64 Compiling\ LocationService.swift,\ MockFirebaseService.swift,\ OfflineSyncService.swift,\ PrivacyPreservingLogger.swift,\ RoleBasedDataFilter.swift,\ RoleManagementService.swift,\ RunEventService.swift /Users/tafmawere/Projects\ Kiro/Tribeboard_MVP/Tribeboard/Tribeboard/Services/LocationService.swift /Users/tafmawere/Projects\ Kiro/Tribeboard_MVP/Tribeboard/Tribeboard/Services/MockFirebaseService.swift /Users/tafmawere/Projects\ Kiro/Tribeboard_MVP/Tribeboard/Tribeboard/Services/OfflineSyncService.swift /Users/tafmawere/Projects\ Kiro/Tribeboard_MVP/Tribeboard/Tribeboard/Services/PrivacyPreservingLogger.swift /Users/tafmawere/Projects\ Kiro/Tribeboard_MVP/Tribeboard/Tribeboard/Services/RoleBasedDataFilter.swift /Users/tafmawere/Projects\ Kiro/Tribeboard_MVP/Tribeboard/Tribeboard/Services/RoleManagementService.swift /Users/tafmawere/Projects\ Kiro/Tribeboard_MVP/Tribeboard/Tribeboard/Services/RunEventService.swift (in target 'Tribeboard' from project 'Tribeboard')

SwiftCompile normal arm64 /Users/tafmawere/Projects\ Kiro/Tribeboard_MVP/Tribeboard/Tribeboard/Services/LocationService.swift (in target 'Tribeboard' from project 'Tribeboard')
    cd /Users/tafmawere/Projects\ Kiro/Tribeboard_MVP/Tribeboard
    

SwiftCompile normal arm64 /Users/tafmawere/Projects\ Kiro/Tribeboard_MVP/Tribeboard/Tribeboard/Services/MockFirebaseService.swift (in target 'Tribeboard' from project 'Tribeboard')
    cd /Users/tafmawere/Projects\ Kiro/Tribeboard_MVP/Tribeboard
    

SwiftCompile normal arm64 /Users/tafmawere/Projects\ Kiro/Tribeboard_MVP/Tribeboard/Tribeboard/Services/OfflineSyncService.swift (in target 'Tribeboard' from project 'Tribeboard')
    cd /Users/tafmawere/Projects\ Kiro/Tribeboard_MVP/Tribeboard
    

SwiftCompile normal arm64 /Users/tafmawere/Projects\ Kiro/Tribeboard_MVP/Tribeboard/Tribeboard/Services/PrivacyPreservingLogger.swift (in target 'Tribeboard' from project 'Tribeboard')
    cd /Users/tafmawere/Projects\ Kiro/Tribeboard_MVP/Tribeboard
    

SwiftCompile normal arm64 /Users/tafmawere/Projects\ Kiro/Tribeboard_MVP/Tribeboard/Tribeboard/Services/RoleBasedDataFilter.swift (in target 'Tribeboard' from project 'Tribeboard')
    cd /Users/tafmawere/Projects\ Kiro/Tribeboard_MVP/Tribeboard
    

SwiftCompile normal arm64 /Users/tafmawere/Projects\ Kiro/Tribeboard_MVP/Tribeboard/Tribeboard/Services/RoleManagementService.swift (in target 'Tribeboard' from project 'Tribeboard')
    cd /Users/tafmawere/Projects\ Kiro/Tribeboard_MVP/Tribeboard
    

SwiftCompile normal arm64 /Users/tafmawere/Projects\ Kiro/Tribeboard_MVP/Tribeboard/Tribeboard/Services/RunEventService.swift (in target 'Tribeboard' from project 'Tribeboard')
    cd /Users/tafmawere/Projects\ Kiro/Tribeboard_MVP/Tribeboard
    

SwiftCompile normal arm64 Compiling\ TribeboardApp.swift,\ RunEntity+CoreDataClass.swift,\ RunEntity+CoreDataProperties.swift,\ RunEventEntity+CoreDataClass.swift,\ RunEventEntity+CoreDataProperties.swift,\ Tribeboard+CoreDataModel.swift,\ GeneratedAssetSymbols.swift /Users/tafmawere/Projects\ Kiro/Tribeboard_MVP/Tribeboard/Tribeboard/TribeboardApp.swift /Users/tafmawere/Library/Developer/Xcode/DerivedData/Tribeboard-hdigiwhflrfqtodtlckntnnupjxx/Build/Intermediates.noindex/Tribeboard.build/Debug-iphonesimulator/Tribeboard.build/DerivedSources/CoreDataGenerated/Tribeboard/RunEntity+CoreDataClass.swift /Users/tafmawere/Library/Developer/Xcode/DerivedData/Tribeboard-hdigiwhflrfqtodtlckntnnupjxx/Build/Intermediates.noindex/Tribeboard.build/Debug-iphonesimulator/Tribeboard.build/DerivedSources/CoreDataGenerated/Tribeboard/RunEntity+CoreDataProperties.swift /Users/tafmawere/Library/Developer/Xcode/DerivedData/Tribeboard-hdigiwhflrfqtodtlckntnnupjxx/Build/Intermediates.noindex/Tribeboard.build/Debug-iphonesimulator/Tribeboard.build/DerivedSources/CoreDataGenerated/Tribeboard/RunEventEntity+CoreDataClass.swift /Users/tafmawere/Library/Developer/Xcode/DerivedData/Tribeboard-hdigiwhflrfqtodtlckntnnupjxx/Build/Intermediates.noindex/Tribeboard.build/Debug-iphonesimulator/Tribeboard.build/DerivedSources/CoreDataGenerated/Tribeboard/RunEventEntity+CoreDataProperties.swift /Users/tafmawere/Library/Developer/Xcode/DerivedData/Tribeboard-hdigiwhflrfqtodtlckntnnupjxx/Build/Intermediates.noindex/Tribeboard.build/Debug-iphonesimulator/Tribeboard.build/DerivedSources/CoreDataGenerated/Tribeboard/Tribeboard+CoreDataModel.swift /Users/tafmawere/Library/Developer/Xcode/DerivedData/Tribeboard-hdigiwhflrfqtodtlckntnnupjxx/Build/Intermediates.noindex/Tribeboard.build/Debug-iphonesimulator/Tribeboard.build/DerivedSources/GeneratedAssetSymbols.swift (in target 'Tribeboard' from project 'Tribeboard')

SwiftCompile normal arm64 /Users/tafmawere/Projects\ Kiro/Tribeboard_MVP/Tribeboard/Tribeboard/TribeboardApp.swift (in target 'Tribeboard' from project 'Tribeboard')
    cd /Users/tafmawere/Projects\ Kiro/Tribeboard_MVP/Tribeboard
    

SwiftCompile normal arm64 /Users/tafmawere/Library/Developer/Xcode/DerivedData/Tribeboard-hdigiwhflrfqtodtlckntnnupjxx/Build/Intermediates.noindex/Tribeboard.build/Debug-iphonesimulator/Tribeboard.build/DerivedSources/CoreDataGenerated/Tribeboard/RunEntity+CoreDataClass.swift (in target 'Tribeboard' from project 'Tribeboard')
    cd /Users/tafmawere/Projects\ Kiro/Tribeboard_MVP/Tribeboard
    

SwiftCompile normal arm64 /Users/tafmawere/Library/Developer/Xcode/DerivedData/Tribeboard-hdigiwhflrfqtodtlckntnnupjxx/Build/Intermediates.noindex/Tribeboard.build/Debug-iphonesimulator/Tribeboard.build/DerivedSources/CoreDataGenerated/Tribeboard/RunEntity+CoreDataProperties.swift (in target 'Tribeboard' from project 'Tribeboard')
    cd /Users/tafmawere/Projects\ Kiro/Tribeboard_MVP/Tribeboard
    

SwiftCompile normal arm64 /Users/tafmawere/Library/Developer/Xcode/DerivedData/Tribeboard-hdigiwhflrfqtodtlckntnnupjxx/Build/Intermediates.noindex/Tribeboard.build/Debug-iphonesimulator/Tribeboard.build/DerivedSources/CoreDataGenerated/Tribeboard/RunEventEntity+CoreDataClass.swift (in target 'Tribeboard' from project 'Tribeboard')
    cd /Users/tafmawere/Projects\ Kiro/Tribeboard_MVP/Tribeboard
    

SwiftCompile normal arm64 /Users/tafmawere/Library/Developer/Xcode/DerivedData/Tribeboard-hdigiwhflrfqtodtlckntnnupjxx/Build/Intermediates.noindex/Tribeboard.build/Debug-iphonesimulator/Tribeboard.build/DerivedSources/CoreDataGenerated/Tribeboard/RunEventEntity+CoreDataProperties.swift (in target 'Tribeboard' from project 'Tribeboard')
    cd /Users/tafmawere/Projects\ Kiro/Tribeboard_MVP/Tribeboard
    

SwiftCompile normal arm64 /Users/tafmawere/Library/Developer/Xcode/DerivedData/Tribeboard-hdigiwhflrfqtodtlckntnnupjxx/Build/Intermediates.noindex/Tribeboard.build/Debug-iphonesimulator/Tribeboard.build/DerivedSources/CoreDataGenerated/Tribeboard/Tribeboard+CoreDataModel.swift (in target 'Tribeboard' from project 'Tribeboard')
    cd /Users/tafmawere/Projects\ Kiro/Tribeboard_MVP/Tribeboard
    

SwiftCompile normal arm64 /Users/tafmawere/Library/Developer/Xcode/DerivedData/Tribeboard-hdigiwhflrfqtodtlckntnnupjxx/Build/Intermediates.noindex/Tribeboard.build/Debug-iphonesimulator/Tribeboard.build/DerivedSources/GeneratedAssetSymbols.swift (in target 'Tribeboard' from project 'Tribeboard')
    cd /Users/tafmawere/Projects\ Kiro/Tribeboard_MVP/Tribeboard
    

SwiftCompile normal arm64 Compiling\ RunCardView.swift,\ RunCompletionSummaryView.swift,\ RunFocusView.swift,\ RunScheduledConfirmationView.swift,\ AppConfig.swift,\ ContentView.swift,\ Persistence.swift /Users/tafmawere/Projects\ Kiro/Tribeboard_MVP/Tribeboard/Tribeboard/Views/RunCardView.swift /Users/tafmawere/Projects\ Kiro/Tribeboard_MVP/Tribeboard/Tribeboard/Views/RunCompletionSummaryView.swift /Users/tafmawere/Projects\ Kiro/Tribeboard_MVP/Tribeboard/Tribeboard/Views/RunFocusView.swift /Users/tafmawere/Projects\ Kiro/Tribeboard_MVP/Tribeboard/Tribeboard/Views/RunScheduledConfirmationView.swift /Users/tafmawere/Projects\ Kiro/Tribeboard_MVP/Tribeboard/Tribeboard/AppConfig.swift /Users/tafmawere/Projects\ Kiro/Tribeboard_MVP/Tribeboard/Tribeboard/ContentView.swift /Users/tafmawere/Projects\ Kiro/Tribeboard_MVP/Tribeboard/Tribeboard/Persistence.swift (in target 'Tribeboard' from project 'Tribeboard')

SwiftCompile normal arm64 /Users/tafmawere/Projects\ Kiro/Tribeboard_MVP/Tribeboard/Tribeboard/Views/RunCardView.swift (in target 'Tribeboard' from project 'Tribeboard')
    cd /Users/tafmawere/Projects\ Kiro/Tribeboard_MVP/Tribeboard
    

SwiftCompile normal arm64 /Users/tafmawere/Projects\ Kiro/Tribeboard_MVP/Tribeboard/Tribeboard/Views/RunCompletionSummaryView.swift (in target 'Tribeboard' from project 'Tribeboard')
    cd /Users/tafmawere/Projects\ Kiro/Tribeboard_MVP/Tribeboard
    

SwiftCompile normal arm64 /Users/tafmawere/Projects\ Kiro/Tribeboard_MVP/Tribeboard/Tribeboard/Views/RunFocusView.swift (in target 'Tribeboard' from project 'Tribeboard')
    cd /Users/tafmawere/Projects\ Kiro/Tribeboard_MVP/Tribeboard
    

SwiftCompile normal arm64 /Users/tafmawere/Projects\ Kiro/Tribeboard_MVP/Tribeboard/Tribeboard/Views/RunScheduledConfirmationView.swift (in target 'Tribeboard' from project 'Tribeboard')
    cd /Users/tafmawere/Projects\ Kiro/Tribeboard_MVP/Tribeboard
    

SwiftCompile normal arm64 /Users/tafmawere/Projects\ Kiro/Tribeboard_MVP/Tribeboard/Tribeboard/AppConfig.swift (in target 'Tribeboard' from project 'Tribeboard')
    cd /Users/tafmawere/Projects\ Kiro/Tribeboard_MVP/Tribeboard
    

SwiftCompile normal arm64 /Users/tafmawere/Projects\ Kiro/Tribeboard_MVP/Tribeboard/Tribeboard/ContentView.swift (in target 'Tribeboard' from project 'Tribeboard')
    cd /Users/tafmawere/Projects\ Kiro/Tribeboard_MVP/Tribeboard
    

SwiftCompile normal arm64 /Users/tafmawere/Projects\ Kiro/Tribeboard_MVP/Tribeboard/Tribeboard/Persistence.swift (in target 'Tribeboard' from project 'Tribeboard')
    cd /Users/tafmawere/Projects\ Kiro/Tribeboard_MVP/Tribeboard
    

SwiftCompile normal arm64 Compiling\ DriverFocusModeView.swift,\ EmptyStateView.swift,\ LaunchRootView.swift,\ MainNavigationView.swift,\ MyRunsView.swift,\ ObserverTrackingView.swift,\ RoleBasedViewModifier.swift /Users/tafmawere/Projects\ Kiro/Tribeboard_MVP/Tribeboard/Tribeboard/Views/DriverFocusModeView.swift /Users/tafmawere/Projects\ Kiro/Tribeboard_MVP/Tribeboard/Tribeboard/Views/EmptyStateView.swift /Users/tafmawere/Projects\ Kiro/Tribeboard_MVP/Tribeboard/Tribeboard/Views/LaunchRootView.swift /Users/tafmawere/Projects\ Kiro/Tribeboard_MVP/Tribeboard/Tribeboard/Views/MainNavigationView.swift /Users/tafmawere/Projects\ Kiro/Tribeboard_MVP/Tribeboard/Tribeboard/Views/MyRunsView.swift /Users/tafmawere/Projects\ Kiro/Tribeboard_MVP/Tribeboard/Tribeboard/Views/ObserverTrackingView.swift /Users/tafmawere/Projects\ Kiro/Tribeboard_MVP/Tribeboard/Tribeboard/Views/RoleBasedViewModifier.swift (in target 'Tribeboard' from project 'Tribeboard')
SwiftCompile normal arm64 /Users/tafmawere/Projects\ Kiro/Tribeboard_MVP/Tribeboard/Tribeboard/Views/DriverFocusModeView.swift (in target 'Tribeboard' from project 'Tribeboard')
    cd /Users/tafmawere/Projects\ Kiro/Tribeboard_MVP/Tribeboard
    

SwiftCompile normal arm64 /Users/tafmawere/Projects\ Kiro/Tribeboard_MVP/Tribeboard/Tribeboard/Views/EmptyStateView.swift (in target 'Tribeboard' from project 'Tribeboard')
    cd /Users/tafmawere/Projects\ Kiro/Tribeboard_MVP/Tribeboard
    

SwiftCompile normal arm64 /Users/tafmawere/Projects\ Kiro/Tribeboard_MVP/Tribeboard/Tribeboard/Views/LaunchRootView.swift (in target 'Tribeboard' from project 'Tribeboard')
    cd /Users/tafmawere/Projects\ Kiro/Tribeboard_MVP/Tribeboard
    

SwiftCompile normal arm64 /Users/tafmawere/Projects\ Kiro/Tribeboard_MVP/Tribeboard/Tribeboard/Views/MainNavigationView.swift (in target 'Tribeboard' from project 'Tribeboard')
    cd /Users/tafmawere/Projects\ Kiro/Tribeboard_MVP/Tribeboard
    

SwiftCompile normal arm64 /Users/tafmawere/Projects\ Kiro/Tribeboard_MVP/Tribeboard/Tribeboard/Views/MyRunsView.swift (in target 'Tribeboard' from project 'Tribeboard')
    cd /Users/tafmawere/Projects\ Kiro/Tribeboard_MVP/Tribeboard
    

SwiftCompile normal arm64 /Users/tafmawere/Projects\ Kiro/Tribeboard_MVP/Tribeboard/Tribeboard/Views/ObserverTrackingView.swift (in target 'Tribeboard' from project 'Tribeboard')
    cd /Users/tafmawere/Projects\ Kiro/Tribeboard_MVP/Tribeboard
    

SwiftCompile normal arm64 /Users/tafmawere/Projects\ Kiro/Tribeboard_MVP/Tribeboard/Tribeboard/Views/RoleBasedViewModifier.swift (in target 'Tribeboard' from project 'Tribeboard')
    cd /Users/tafmawere/Projects\ Kiro/Tribeboard_MVP/Tribeboard
    

SwiftDriverJobDiscovery normal arm64 Compiling TribeboardApp.swift, RunEntity+CoreDataClass.swift, RunEntity+CoreDataProperties.swift, RunEventEntity+CoreDataClass.swift, RunEventEntity+CoreDataProperties.swift, Tribeboard+CoreDataModel.swift, GeneratedAssetSymbols.swift (in target 'Tribeboard' from project 'Tribeboard')

SwiftCompile normal arm64 Compiling\ SectionHeader.swift,\ StatRow.swift,\ AddFamilyMemberView.swift,\ FamilySettingsView.swift,\ FamilyView.swift,\ MemberCardView.swift,\ MemberProfileView.swift /Users/tafmawere/Projects\ Kiro/Tribeboard_MVP/Tribeboard/Tribeboard/Views/Components/SectionHeader.swift /Users/tafmawere/Projects\ Kiro/Tribeboard_MVP/Tribeboard/Tribeboard/Views/Components/StatRow.swift /Users/tafmawere/Projects\ Kiro/Tribeboard_MVP/Tribeboard/Tribeboard/Views/Family/AddFamilyMemberView.swift /Users/tafmawere/Projects\ Kiro/Tribeboard_MVP/Tribeboard/Tribeboard/Views/Family/FamilySettingsView.swift /Users/tafmawere/Projects\ Kiro/Tribeboard_MVP/Tribeboard/Tribeboard/Views/Family/FamilyView.swift /Users/tafmawere/Projects\ Kiro/Tribeboard_MVP/Tribeboard/Tribeboard/Views/Family/MemberCardView.swift /Users/tafmawere/Projects\ Kiro/Tribeboard_MVP/Tribeboard/Tribeboard/Views/Family/MemberProfileView.swift (in target 'Tribeboard' from project 'Tribeboard')

SwiftCompile normal arm64 /Users/tafmawere/Projects\ Kiro/Tribeboard_MVP/Tribeboard/Tribeboard/Views/Components/SectionHeader.swift (in target 'Tribeboard' from project 'Tribeboard')
    cd /Users/tafmawere/Projects\ Kiro/Tribeboard_MVP/Tribeboard
    

SwiftCompile normal arm64 /Users/tafmawere/Projects\ Kiro/Tribeboard_MVP/Tribeboard/Tribeboard/Views/Components/StatRow.swift (in target 'Tribeboard' from project 'Tribeboard')
    cd /Users/tafmawere/Projects\ Kiro/Tribeboard_MVP/Tribeboard
    

SwiftCompile normal arm64 /Users/tafmawere/Projects\ Kiro/Tribeboard_MVP/Tribeboard/Tribeboard/Views/Family/AddFamilyMemberView.swift (in target 'Tribeboard' from project 'Tribeboard')
    cd /Users/tafmawere/Projects\ Kiro/Tribeboard_MVP/Tribeboard
    

SwiftCompile normal arm64 /Users/tafmawere/Projects\ Kiro/Tribeboard_MVP/Tribeboard/Tribeboard/Views/Family/FamilySettingsView.swift (in target 'Tribeboard' from project 'Tribeboard')
    cd /Users/tafmawere/Projects\ Kiro/Tribeboard_MVP/Tribeboard
    

SwiftCompile normal arm64 /Users/tafmawere/Projects\ Kiro/Tribeboard_MVP/Tribeboard/Tribeboard/Views/Family/FamilyView.swift (in target 'Tribeboard' from project 'Tribeboard')
    cd /Users/tafmawere/Projects\ Kiro/Tribeboard_MVP/Tribeboard
    

SwiftCompile normal arm64 /Users/tafmawere/Projects\ Kiro/Tribeboard_MVP/Tribeboard/Tribeboard/Views/Family/MemberCardView.swift (in target 'Tribeboard' from project 'Tribeboard')
    cd /Users/tafmawere/Projects\ Kiro/Tribeboard_MVP/Tribeboard
    

SwiftCompile normal arm64 /Users/tafmawere/Projects\ Kiro/Tribeboard_MVP/Tribeboard/Tribeboard/Views/Family/MemberProfileView.swift (in target 'Tribeboard' from project 'Tribeboard')
    cd /Users/tafmawere/Projects\ Kiro/Tribeboard_MVP/Tribeboard
    

SwiftDriverJobDiscovery normal arm64 Emitting module for Tribeboard (in target 'Tribeboard' from project 'Tribeboard')

SwiftDriver\ Compilation\ Requirements Tribeboard normal arm64 com.apple.xcode.tools.swift.compiler (in target 'Tribeboard' from project 'Tribeboard')
    cd /Users/tafmawere/Projects\ Kiro/Tribeboard_MVP/Tribeboard
    builtin-Swift-Compilation-Requirements -- /Applications/Xcode.app/Contents/Developer/Toolchains/XcodeDefault.xctoolchain/usr/bin/swiftc -module-name Tribeboard -Onone -enforce-exclusivity\=checked @/Users/tafmawere/Library/Developer/Xcode/DerivedData/Tribeboard-hdigiwhflrfqtodtlckntnnupjxx/Build/Intermediates.noindex/Tribeboard.build/Debug-iphonesimulator/Tribeboard.build/Objects-normal/arm64/Tribeboard.SwiftFileList -DDEBUG -default-isolation\=MainActor -enable-bare-slash-regex -enable-upcoming-feature DisableOutwardActorInference -enable-upcoming-feature InferSendableFromCaptures -enable-upcoming-feature GlobalActorIsolatedTypesUsability -enable-upcoming-feature MemberImportVisibility -enable-upcoming-feature InferIsolatedConformances -enable-upcoming-feature NonisolatedNonsendingByDefault -enable-experimental-feature DebugDescriptionMacro -sdk /Applications/Xcode.app/Contents/Developer/Platforms/iPhoneSimulator.platform/Developer/SDKs/iPhoneSimulator26.2.sdk -target arm64-apple-ios18.6-simulator -g -module-cache-path /Users/tafmawere/Library/Developer/Xcode/DerivedData/ModuleCache.noindex -Xfrontend -serialize-debugging-options -profile-coverage-mapping -profile-generate -enable-testing -index-store-path /Users/tafmawere/Library/Developer/Xcode/DerivedData/Tribeboard-hdigiwhflrfqtodtlckntnnupjxx/Index.noindex/DataStore -Xcc -D_LIBCPP_HARDENING_MODE\=_LIBCPP_HARDENING_MODE_DEBUG -swift-version 5 -I /Users/tafmawere/Library/Developer/Xcode/DerivedData/Tribeboard-hdigiwhflrfqtodtlckntnnupjxx/Build/Products/Debug-iphonesimulator -F /Users/tafmawere/Library/Developer/Xcode/DerivedData/Tribeboard-hdigiwhflrfqtodtlckntnnupjxx/Build/Products/Debug-iphonesimulator -emit-localized-strings -emit-localized-strings-path /Users/tafmawere/Library/Developer/Xcode/DerivedData/Tribeboard-hdigiwhflrfqtodtlckntnnupjxx/Build/Intermediates.noindex/Tribeboard.build/Debug-iphonesimulator/Tribeboard.build/Objects-normal/arm64 -c -j12 -enable-batch-mode -incremental -Xcc -ivfsstatcache -Xcc /Users/tafmawere/Library/Developer/Xcode/DerivedData/SDKStatCaches.noindex/iphonesimulator26.2-23C53-7d00a8b37fbd7999ea79df8ebc024bf0.sdkstatcache -output-file-map /Users/tafmawere/Library/Developer/Xcode/DerivedData/Tribeboard-hdigiwhflrfqtodtlckntnnupjxx/Build/Intermediates.noindex/Tribeboard.build/Debug-iphonesimulator/Tribeboard.build/Objects-normal/arm64/Tribeboard-OutputFileMap.json -use-frontend-parseable-output -save-temps -no-color-diagnostics -explicit-module-build -module-cache-path /Users/tafmawere/Library/Developer/Xcode/DerivedData/Tribeboard-hdigiwhflrfqtodtlckntnnupjxx/Build/Intermediates.noindex/SwiftExplicitPrecompiledModules -clang-scanner-module-cache-path /Users/tafmawere/Library/Developer/Xcode/DerivedData/ModuleCache.noindex -sdk-module-cache-path /Users/tafmawere/Library/Developer/Xcode/DerivedData/ModuleCache.noindex -serialize-diagnostics -emit-dependencies -emit-module -emit-module-path /Users/tafmawere/Library/Developer/Xcode/DerivedData/Tribeboard-hdigiwhflrfqtodtlckntnnupjxx/Build/Intermediates.noindex/Tribeboard.build/Debug-iphonesimulator/Tribeboard.build/Objects-normal/arm64/Tribeboard.swiftmodule -validate-clang-modules-once -clang-build-session-file /Users/tafmawere/Library/Developer/Xcode/DerivedData/ModuleCache.noindex/Session.modulevalidation -Xcc -I/Users/tafmawere/Library/Developer/Xcode/DerivedData/Tribeboard-hdigiwhflrfqtodtlckntnnupjxx/Build/Intermediates.noindex/Tribeboard.build/Debug-iphonesimulator/Tribeboard.build/swift-overrides.hmap -emit-const-values -Xfrontend -const-gather-protocols-file -Xfrontend /Users/tafmawere/Library/Developer/Xcode/DerivedData/Tribeboard-hdigiwhflrfqtodtlckntnnupjxx/Build/Intermediates.noindex/Tribeboard.build/Debug-iphonesimulator/Tribeboard.build/Objects-normal/arm64/Tribeboard_const_extract_protocols.json -Xcc -iquote -Xcc /Users/tafmawere/Library/Developer/Xcode/DerivedData/Tribeboard-hdigiwhflrfqtodtlckntnnupjxx/Build/Intermediates.noindex/Tribeboard.build/Debug-iphonesimulator/Tribeboard.build/Tribeboard-generated-files.hmap -Xcc -I/Users/tafmawere/Library/Developer/Xcode/DerivedData/Tribeboard-hdigiwhflrfqtodtlckntnnupjxx/Build/Intermediates.noindex/Tribeboard.build/Debug-iphonesimulator/Tribeboard.build/Tribeboard-own-target-headers.hmap -Xcc -I/Users/tafmawere/Library/Developer/Xcode/DerivedData/Tribeboard-hdigiwhflrfqtodtlckntnnupjxx/Build/Intermediates.noindex/Tribeboard.build/Debug-iphonesimulator/Tribeboard.build/Tribeboard-all-target-headers.hmap -Xcc -iquote -Xcc /Users/tafmawere/Library/Developer/Xcode/DerivedData/Tribeboard-hdigiwhflrfqtodtlckntnnupjxx/Build/Intermediates.noindex/Tribeboard.build/Debug-iphonesimulator/Tribeboard.build/Tribeboard-project-headers.hmap -Xcc -I/Users/tafmawere/Library/Developer/Xcode/DerivedData/Tribeboard-hdigiwhflrfqtodtlckntnnupjxx/Build/Products/Debug-iphonesimulator/include -Xcc -I/Users/tafmawere/Library/Developer/Xcode/DerivedData/Tribeboard-hdigiwhflrfqtodtlckntnnupjxx/Build/Intermediates.noindex/Tribeboard.build/Debug-iphonesimulator/Tribeboard.build/DerivedSources-normal/arm64 -Xcc -I/Users/tafmawere/Library/Developer/Xcode/DerivedData/Tribeboard-hdigiwhflrfqtodtlckntnnupjxx/Build/Intermediates.noindex/Tribeboard.build/Debug-iphonesimulator/Tribeboard.build/DerivedSources/arm64 -Xcc -I/Users/tafmawere/Library/Developer/Xcode/DerivedData/Tribeboard-hdigiwhflrfqtodtlckntnnupjxx/Build/Intermediates.noindex/Tribeboard.build/Debug-iphonesimulator/Tribeboard.build/DerivedSources -Xcc -DDEBUG\=1 -emit-objc-header -emit-objc-header-path /Users/tafmawere/Library/Developer/Xcode/DerivedData/Tribeboard-hdigiwhflrfqtodtlckntnnupjxx/Build/Intermediates.noindex/Tribeboard.build/Debug-iphonesimulator/Tribeboard.build/Objects-normal/arm64/Tribeboard-Swift.h -working-directory /Users/tafmawere/Projects\ Kiro/Tribeboard_MVP/Tribeboard -experimental-emit-module-separately -disable-cmo

SwiftDriverJobDiscovery normal arm64 Compiling AppCoordinator.swift, FamilyMemberDisplay.swift, FamilyRole.swift, Run.swift, RunEvent.swift, RunMaterializer.swift, RunSchedule.swift, ScheduleRunGenerator.swift (in target 'Tribeboard' from project 'Tribeboard')

SwiftMergeGeneratedHeaders /Users/tafmawere/Library/Developer/Xcode/DerivedData/Tribeboard-hdigiwhflrfqtodtlckntnnupjxx/Build/Intermediates.noindex/Tribeboard.build/Debug-iphonesimulator/Tribeboard.build/DerivedSources/Tribeboard-Swift.h /Users/tafmawere/Library/Developer/Xcode/DerivedData/Tribeboard-hdigiwhflrfqtodtlckntnnupjxx/Build/Intermediates.noindex/Tribeboard.build/Debug-iphonesimulator/Tribeboard.build/Objects-normal/arm64/Tribeboard-Swift.h (in target 'Tribeboard' from project 'Tribeboard')
    cd /Users/tafmawere/Projects\ Kiro/Tribeboard_MVP/Tribeboard
    builtin-swiftHeaderTool -arch arm64 /Users/tafmawere/Library/Developer/Xcode/DerivedData/Tribeboard-hdigiwhflrfqtodtlckntnnupjxx/Build/Intermediates.noindex/Tribeboard.build/Debug-iphonesimulator/Tribeboard.build/Objects-normal/arm64/Tribeboard-Swift.h -o /Users/tafmawere/Library/Developer/Xcode/DerivedData/Tribeboard-hdigiwhflrfqtodtlckntnnupjxx/Build/Intermediates.noindex/Tribeboard.build/Debug-iphonesimulator/Tribeboard.build/DerivedSources/Tribeboard-Swift.h

Copy /Users/tafmawere/Library/Developer/Xcode/DerivedData/Tribeboard-hdigiwhflrfqtodtlckntnnupjxx/Build/Products/Debug-iphonesimulator/Tribeboard.swiftmodule/arm64-apple-ios-simulator.swiftmodule /Users/tafmawere/Library/Developer/Xcode/DerivedData/Tribeboard-hdigiwhflrfqtodtlckntnnupjxx/Build/Intermediates.noindex/Tribeboard.build/Debug-iphonesimulator/Tribeboard.build/Objects-normal/arm64/Tribeboard.swiftmodule (in target 'Tribeboard' from project 'Tribeboard')
    cd /Users/tafmawere/Projects\ Kiro/Tribeboard_MVP/Tribeboard
    builtin-copy -exclude .DS_Store -exclude CVS -exclude .svn -exclude .git -exclude .hg -resolve-src-symlinks -rename /Users/tafmawere/Library/Developer/Xcode/DerivedData/Tribeboard-hdigiwhflrfqtodtlckntnnupjxx/Build/Intermediates.noindex/Tribeboard.build/Debug-iphonesimulator/Tribeboard.build/Objects-normal/arm64/Tribeboard.swiftmodule /Users/tafmawere/Library/Developer/Xcode/DerivedData/Tribeboard-hdigiwhflrfqtodtlckntnnupjxx/Build/Products/Debug-iphonesimulator/Tribeboard.swiftmodule/arm64-apple-ios-simulator.swiftmodule

Copy /Users/tafmawere/Library/Developer/Xcode/DerivedData/Tribeboard-hdigiwhflrfqtodtlckntnnupjxx/Build/Products/Debug-iphonesimulator/Tribeboard.swiftmodule/arm64-apple-ios-simulator.swiftdoc /Users/tafmawere/Library/Developer/Xcode/DerivedData/Tribeboard-hdigiwhflrfqtodtlckntnnupjxx/Build/Intermediates.noindex/Tribeboard.build/Debug-iphonesimulator/Tribeboard.build/Objects-normal/arm64/Tribeboard.swiftdoc (in target 'Tribeboard' from project 'Tribeboard')
    cd /Users/tafmawere/Projects\ Kiro/Tribeboard_MVP/Tribeboard
    builtin-copy -exclude .DS_Store -exclude CVS -exclude .svn -exclude .git -exclude .hg -resolve-src-symlinks -rename /Users/tafmawere/Library/Developer/Xcode/DerivedData/Tribeboard-hdigiwhflrfqtodtlckntnnupjxx/Build/Intermediates.noindex/Tribeboard.build/Debug-iphonesimulator/Tribeboard.build/Objects-normal/arm64/Tribeboard.swiftdoc /Users/tafmawere/Library/Developer/Xcode/DerivedData/Tribeboard-hdigiwhflrfqtodtlckntnnupjxx/Build/Products/Debug-iphonesimulator/Tribeboard.swiftmodule/arm64-apple-ios-simulator.swiftdoc

Copy /Users/tafmawere/Library/Developer/Xcode/DerivedData/Tribeboard-hdigiwhflrfqtodtlckntnnupjxx/Build/Products/Debug-iphonesimulator/Tribeboard.swiftmodule/arm64-apple-ios-simulator.abi.json /Users/tafmawere/Library/Developer/Xcode/DerivedData/Tribeboard-hdigiwhflrfqtodtlckntnnupjxx/Build/Intermediates.noindex/Tribeboard.build/Debug-iphonesimulator/Tribeboard.build/Objects-normal/arm64/Tribeboard.abi.json (in target 'Tribeboard' from project 'Tribeboard')
    cd /Users/tafmawere/Projects\ Kiro/Tribeboard_MVP/Tribeboard
    builtin-copy -exclude .DS_Store -exclude CVS -exclude .svn -exclude .git -exclude .hg -resolve-src-symlinks -rename /Users/tafmawere/Library/Developer/Xcode/DerivedData/Tribeboard-hdigiwhflrfqtodtlckntnnupjxx/Build/Intermediates.noindex/Tribeboard.build/Debug-iphonesimulator/Tribeboard.build/Objects-normal/arm64/Tribeboard.abi.json /Users/tafmawere/Library/Developer/Xcode/DerivedData/Tribeboard-hdigiwhflrfqtodtlckntnnupjxx/Build/Products/Debug-iphonesimulator/Tribeboard.swiftmodule/arm64-apple-ios-simulator.abi.json

Copy /Users/tafmawere/Library/Developer/Xcode/DerivedData/Tribeboard-hdigiwhflrfqtodtlckntnnupjxx/Build/Products/Debug-iphonesimulator/Tribeboard.swiftmodule/Project/arm64-apple-ios-simulator.swiftsourceinfo /Users/tafmawere/Library/Developer/Xcode/DerivedData/Tribeboard-hdigiwhflrfqtodtlckntnnupjxx/Build/Intermediates.noindex/Tribeboard.build/Debug-iphonesimulator/Tribeboard.build/Objects-normal/arm64/Tribeboard.swiftsourceinfo (in target 'Tribeboard' from project 'Tribeboard')
    cd /Users/tafmawere/Projects\ Kiro/Tribeboard_MVP/Tribeboard
    builtin-copy -exclude .DS_Store -exclude CVS -exclude .svn -exclude .git -exclude .hg -resolve-src-symlinks -rename /Users/tafmawere/Library/Developer/Xcode/DerivedData/Tribeboard-hdigiwhflrfqtodtlckntnnupjxx/Build/Intermediates.noindex/Tribeboard.build/Debug-iphonesimulator/Tribeboard.build/Objects-normal/arm64/Tribeboard.swiftsourceinfo /Users/tafmawere/Library/Developer/Xcode/DerivedData/Tribeboard-hdigiwhflrfqtodtlckntnnupjxx/Build/Products/Debug-iphonesimulator/Tribeboard.swiftmodule/Project/arm64-apple-ios-simulator.swiftsourceinfo

SwiftDriverJobDiscovery normal arm64 Compiling RunCreationViewModel.swift, RunFocusViewModel.swift, ScreenContracts.swift, Step1MetadataViewModel.swift, Step2DriverViewModel.swift, Step3PassengerViewModel.swift, Step4StopsViewModel.swift (in target 'Tribeboard' from project 'Tribeboard')

SwiftDriverJobDiscovery normal arm64 Compiling ActivityPlaceholderView.swift, CalendarView.swift, DayScheduleListView.swift, ScheduleEditorView.swift, PermissionRow.swift, ProfileCard.swift, RoleBadge.swift (in target 'Tribeboard' from project 'Tribeboard')

SwiftDriverJobDiscovery normal arm64 Compiling LocationService.swift, MockFirebaseService.swift, OfflineSyncService.swift, PrivacyPreservingLogger.swift, RoleBasedDataFilter.swift, RoleManagementService.swift, RunEventService.swift (in target 'Tribeboard' from project 'Tribeboard')

SwiftDriverJobDiscovery normal arm64 Compiling RunStateMachine.swift, SynchronizationCoordinator.swift, FamilyViewModel.swift, ActivityStreamViewModel.swift, DriverFocusModeViewModel.swift, HomeDashboardViewModel.swift, ObserverTrackingViewModel.swift (in target 'Tribeboard' from project 'Tribeboard')

SwiftDriverJobDiscovery normal arm64 Compiling ScheduleStore.swift, AdminNotificationService.swift, AppLifecycleManager.swift, CacheManagementService.swift, CoreDataService.swift, DebugAssertions.swift, DebugStateManager.swift, DelayNotificationService.swift (in target 'Tribeboard' from project 'Tribeboard')

SwiftDriverJobDiscovery normal arm64 Compiling SettingsPlaceholderView.swift, SettingsView.swift, ActivityStreamIntegrationExample.swift, ActivityStreamView.swift, AdminResolutionView.swift, DebugOverlayView.swift, DesignSystem.swift (in target 'Tribeboard' from project 'Tribeboard')

SwiftDriverJobDiscovery normal arm64 Compiling DemoRunPlaybackController.swift, DemoSeedDataService.swift, DependencyContainer.swift, DynamicRoleUpdateService.swift, ErrorHandlingCoordinator.swift, ErrorHandlingService.swift, ErrorLoggingIntegration.swift, ErrorRecoveryService.swift (in target 'Tribeboard' from project 'Tribeboard')

SwiftDriverJobDiscovery normal arm64 Compiling SectionHeader.swift, StatRow.swift, AddFamilyMemberView.swift, FamilySettingsView.swift, FamilyView.swift, MemberCardView.swift, MemberProfileView.swift (in target 'Tribeboard' from project 'Tribeboard')

SwiftDriverJobDiscovery normal arm64 Compiling RunCardView.swift, RunCompletionSummaryView.swift, RunFocusView.swift, RunScheduledConfirmationView.swift, AppConfig.swift, ContentView.swift, Persistence.swift (in target 'Tribeboard' from project 'Tribeboard')

LinkAssetCatalog /Users/tafmawere/Projects\ Kiro/Tribeboard_MVP/Tribeboard/Tribeboard/Assets.xcassets (in target 'Tribeboard' from project 'Tribeboard')
    cd /Users/tafmawere/Projects\ Kiro/Tribeboard_MVP/Tribeboard
    builtin-linkAssetCatalog --thinned /Users/tafmawere/Library/Developer/Xcode/DerivedData/Tribeboard-hdigiwhflrfqtodtlckntnnupjxx/Build/Intermediates.noindex/Tribeboard.build/Debug-iphonesimulator/Tribeboard.build/assetcatalog_output/thinned --thinned-dependencies /Users/tafmawere/Library/Developer/Xcode/DerivedData/Tribeboard-hdigiwhflrfqtodtlckntnnupjxx/Build/Intermediates.noindex/Tribeboard.build/Debug-iphonesimulator/Tribeboard.build/assetcatalog_dependencies_thinned --thinned-info-plist-content /Users/tafmawere/Library/Developer/Xcode/DerivedData/Tribeboard-hdigiwhflrfqtodtlckntnnupjxx/Build/Intermediates.noindex/Tribeboard.build/Debug-iphonesimulator/Tribeboard.build/assetcatalog_generated_info.plist_thinned --unthinned /Users/tafmawere/Library/Developer/Xcode/DerivedData/Tribeboard-hdigiwhflrfqtodtlckntnnupjxx/Build/Intermediates.noindex/Tribeboard.build/Debug-iphonesimulator/Tribeboard.build/assetcatalog_output/unthinned --unthinned-dependencies /Users/tafmawere/Library/Developer/Xcode/DerivedData/Tribeboard-hdigiwhflrfqtodtlckntnnupjxx/Build/Intermediates.noindex/Tribeboard.build/Debug-iphonesimulator/Tribeboard.build/assetcatalog_dependencies_unthinned --unthinned-info-plist-content /Users/tafmawere/Library/Developer/Xcode/DerivedData/Tribeboard-hdigiwhflrfqtodtlckntnnupjxx/Build/Intermediates.noindex/Tribeboard.build/Debug-iphonesimulator/Tribeboard.build/assetcatalog_generated_info.plist_unthinned --output /Users/tafmawere/Library/Developer/Xcode/DerivedData/Tribeboard-hdigiwhflrfqtodtlckntnnupjxx/Build/Products/Debug-iphonesimulator/Tribeboard.app --plist-output /Users/tafmawere/Library/Developer/Xcode/DerivedData/Tribeboard-hdigiwhflrfqtodtlckntnnupjxx/Build/Intermediates.noindex/Tribeboard.build/Debug-iphonesimulator/Tribeboard.build/assetcatalog_generated_info.plist
note: Emplaced /Users/tafmawere/Library/Developer/Xcode/DerivedData/Tribeboard-hdigiwhflrfqtodtlckntnnupjxx/Build/Products/Debug-iphonesimulator/Tribeboard.app/AppIcon60x60@2x.png (in target 'Tribeboard' from project 'Tribeboard')
note: Emplaced /Users/tafmawere/Library/Developer/Xcode/DerivedData/Tribeboard-hdigiwhflrfqtodtlckntnnupjxx/Build/Products/Debug-iphonesimulator/Tribeboard.app/AppIcon76x76@2x~ipad.png (in target 'Tribeboard' from project 'Tribeboard')
note: Emplaced /Users/tafmawere/Library/Developer/Xcode/DerivedData/Tribeboard-hdigiwhflrfqtodtlckntnnupjxx/Build/Products/Debug-iphonesimulator/Tribeboard.app/Assets.car (in target 'Tribeboard' from project 'Tribeboard')

ProcessInfoPlistFile /Users/tafmawere/Library/Developer/Xcode/DerivedData/Tribeboard-hdigiwhflrfqtodtlckntnnupjxx/Build/Products/Debug-iphonesimulator/Tribeboard.app/Info.plist /Users/tafmawere/Projects\ Kiro/Tribeboard_MVP/Tribeboard/Tribeboard/Info.plist (in target 'Tribeboard' from project 'Tribeboard')
    cd /Users/tafmawere/Projects\ Kiro/Tribeboard_MVP/Tribeboard
    builtin-infoPlistUtility /Users/tafmawere/Projects\ Kiro/Tribeboard_MVP/Tribeboard/Tribeboard/Info.plist -producttype com.apple.product-type.application -genpkginfo /Users/tafmawere/Library/Developer/Xcode/DerivedData/Tribeboard-hdigiwhflrfqtodtlckntnnupjxx/Build/Products/Debug-iphonesimulator/Tribeboard.app/PkgInfo -expandbuildsettings -format binary -platform iphonesimulator -additionalcontentfile /Users/tafmawere/Library/Developer/Xcode/DerivedData/Tribeboard-hdigiwhflrfqtodtlckntnnupjxx/Build/Intermediates.noindex/Tribeboard.build/Debug-iphonesimulator/Tribeboard.build/assetcatalog_generated_info.plist -o /Users/tafmawere/Library/Developer/Xcode/DerivedData/Tribeboard-hdigiwhflrfqtodtlckntnnupjxx/Build/Products/Debug-iphonesimulator/Tribeboard.app/Info.plist

SwiftDriverJobDiscovery normal arm64 Compiling DriverFocusModeView.swift, EmptyStateView.swift, LaunchRootView.swift, MainNavigationView.swift, MyRunsView.swift, ObserverTrackingView.swift, RoleBasedViewModifier.swift (in target 'Tribeboard' from project 'Tribeboard')

SwiftDriver\ Compilation Tribeboard normal arm64 com.apple.xcode.tools.swift.compiler (in target 'Tribeboard' from project 'Tribeboard')
    cd /Users/tafmawere/Projects\ Kiro/Tribeboard_MVP/Tribeboard
    builtin-Swift-Compilation -- /Applications/Xcode.app/Contents/Developer/Toolchains/XcodeDefault.xctoolchain/usr/bin/swiftc -module-name Tribeboard -Onone -enforce-exclusivity\=checked @/Users/tafmawere/Library/Developer/Xcode/DerivedData/Tribeboard-hdigiwhflrfqtodtlckntnnupjxx/Build/Intermediates.noindex/Tribeboard.build/Debug-iphonesimulator/Tribeboard.build/Objects-normal/arm64/Tribeboard.SwiftFileList -DDEBUG -default-isolation\=MainActor -enable-bare-slash-regex -enable-upcoming-feature DisableOutwardActorInference -enable-upcoming-feature InferSendableFromCaptures -enable-upcoming-feature GlobalActorIsolatedTypesUsability -enable-upcoming-feature MemberImportVisibility -enable-upcoming-feature InferIsolatedConformances -enable-upcoming-feature NonisolatedNonsendingByDefault -enable-experimental-feature DebugDescriptionMacro -sdk /Applications/Xcode.app/Contents/Developer/Platforms/iPhoneSimulator.platform/Developer/SDKs/iPhoneSimulator26.2.sdk -target arm64-apple-ios18.6-simulator -g -module-cache-path /Users/tafmawere/Library/Developer/Xcode/DerivedData/ModuleCache.noindex -Xfrontend -serialize-debugging-options -profile-coverage-mapping -profile-generate -enable-testing -index-store-path /Users/tafmawere/Library/Developer/Xcode/DerivedData/Tribeboard-hdigiwhflrfqtodtlckntnnupjxx/Index.noindex/DataStore -Xcc -D_LIBCPP_HARDENING_MODE\=_LIBCPP_HARDENING_MODE_DEBUG -swift-version 5 -I /Users/tafmawere/Library/Developer/Xcode/DerivedData/Tribeboard-hdigiwhflrfqtodtlckntnnupjxx/Build/Products/Debug-iphonesimulator -F /Users/tafmawere/Library/Developer/Xcode/DerivedData/Tribeboard-hdigiwhflrfqtodtlckntnnupjxx/Build/Products/Debug-iphonesimulator -emit-localized-strings -emit-localized-strings-path /Users/tafmawere/Library/Developer/Xcode/DerivedData/Tribeboard-hdigiwhflrfqtodtlckntnnupjxx/Build/Intermediates.noindex/Tribeboard.build/Debug-iphonesimulator/Tribeboard.build/Objects-normal/arm64 -c -j12 -enable-batch-mode -incremental -Xcc -ivfsstatcache -Xcc /Users/tafmawere/Library/Developer/Xcode/DerivedData/SDKStatCaches.noindex/iphonesimulator26.2-23C53-7d00a8b37fbd7999ea79df8ebc024bf0.sdkstatcache -output-file-map /Users/tafmawere/Library/Developer/Xcode/DerivedData/Tribeboard-hdigiwhflrfqtodtlckntnnupjxx/Build/Intermediates.noindex/Tribeboard.build/Debug-iphonesimulator/Tribeboard.build/Objects-normal/arm64/Tribeboard-OutputFileMap.json -use-frontend-parseable-output -save-temps -no-color-diagnostics -explicit-module-build -module-cache-path /Users/tafmawere/Library/Developer/Xcode/DerivedData/Tribeboard-hdigiwhflrfqtodtlckntnnupjxx/Build/Intermediates.noindex/SwiftExplicitPrecompiledModules -clang-scanner-module-cache-path /Users/tafmawere/Library/Developer/Xcode/DerivedData/ModuleCache.noindex -sdk-module-cache-path /Users/tafmawere/Library/Developer/Xcode/DerivedData/ModuleCache.noindex -serialize-diagnostics -emit-dependencies -emit-module -emit-module-path /Users/tafmawere/Library/Developer/Xcode/DerivedData/Tribeboard-hdigiwhflrfqtodtlckntnnupjxx/Build/Intermediates.noindex/Tribeboard.build/Debug-iphonesimulator/Tribeboard.build/Objects-normal/arm64/Tribeboard.swiftmodule -validate-clang-modules-once -clang-build-session-file /Users/tafmawere/Library/Developer/Xcode/DerivedData/ModuleCache.noindex/Session.modulevalidation -Xcc -I/Users/tafmawere/Library/Developer/Xcode/DerivedData/Tribeboard-hdigiwhflrfqtodtlckntnnupjxx/Build/Intermediates.noindex/Tribeboard.build/Debug-iphonesimulator/Tribeboard.build/swift-overrides.hmap -emit-const-values -Xfrontend -const-gather-protocols-file -Xfrontend /Users/tafmawere/Library/Developer/Xcode/DerivedData/Tribeboard-hdigiwhflrfqtodtlckntnnupjxx/Build/Intermediates.noindex/Tribeboard.build/Debug-iphonesimulator/Tribeboard.build/Objects-normal/arm64/Tribeboard_const_extract_protocols.json -Xcc -iquote -Xcc /Users/tafmawere/Library/Developer/Xcode/DerivedData/Tribeboard-hdigiwhflrfqtodtlckntnnupjxx/Build/Intermediates.noindex/Tribeboard.build/Debug-iphonesimulator/Tribeboard.build/Tribeboard-generated-files.hmap -Xcc -I/Users/tafmawere/Library/Developer/Xcode/DerivedData/Tribeboard-hdigiwhflrfqtodtlckntnnupjxx/Build/Intermediates.noindex/Tribeboard.build/Debug-iphonesimulator/Tribeboard.build/Tribeboard-own-target-headers.hmap -Xcc -I/Users/tafmawere/Library/Developer/Xcode/DerivedData/Tribeboard-hdigiwhflrfqtodtlckntnnupjxx/Build/Intermediates.noindex/Tribeboard.build/Debug-iphonesimulator/Tribeboard.build/Tribeboard-all-target-headers.hmap -Xcc -iquote -Xcc /Users/tafmawere/Library/Developer/Xcode/DerivedData/Tribeboard-hdigiwhflrfqtodtlckntnnupjxx/Build/Intermediates.noindex/Tribeboard.build/Debug-iphonesimulator/Tribeboard.build/Tribeboard-project-headers.hmap -Xcc -I/Users/tafmawere/Library/Developer/Xcode/DerivedData/Tribeboard-hdigiwhflrfqtodtlckntnnupjxx/Build/Products/Debug-iphonesimulator/include -Xcc -I/Users/tafmawere/Library/Developer/Xcode/DerivedData/Tribeboard-hdigiwhflrfqtodtlckntnnupjxx/Build/Intermediates.noindex/Tribeboard.build/Debug-iphonesimulator/Tribeboard.build/DerivedSources-normal/arm64 -Xcc -I/Users/tafmawere/Library/Developer/Xcode/DerivedData/Tribeboard-hdigiwhflrfqtodtlckntnnupjxx/Build/Intermediates.noindex/Tribeboard.build/Debug-iphonesimulator/Tribeboard.build/DerivedSources/arm64 -Xcc -I/Users/tafmawere/Library/Developer/Xcode/DerivedData/Tribeboard-hdigiwhflrfqtodtlckntnnupjxx/Build/Intermediates.noindex/Tribeboard.build/Debug-iphonesimulator/Tribeboard.build/DerivedSources -Xcc -DDEBUG\=1 -emit-objc-header -emit-objc-header-path /Users/tafmawere/Library/Developer/Xcode/DerivedData/Tribeboard-hdigiwhflrfqtodtlckntnnupjxx/Build/Intermediates.noindex/Tribeboard.build/Debug-iphonesimulator/Tribeboard.build/Objects-normal/arm64/Tribeboard-Swift.h -working-directory /Users/tafmawere/Projects\ Kiro/Tribeboard_MVP/Tribeboard -experimental-emit-module-separately -disable-cmo

Ld /Users/tafmawere/Library/Developer/Xcode/DerivedData/Tribeboard-hdigiwhflrfqtodtlckntnnupjxx/Build/Products/Debug-iphonesimulator/Tribeboard.app/Tribeboard.debug.dylib normal (in target 'Tribeboard' from project 'Tribeboard')
    cd /Users/tafmawere/Projects\ Kiro/Tribeboard_MVP/Tribeboard
    /Applications/Xcode.app/Contents/Developer/Toolchains/XcodeDefault.xctoolchain/usr/bin/clang -Xlinker -reproducible -target arm64-apple-ios18.6-simulator -dynamiclib -isysroot /Applications/Xcode.app/Contents/Developer/Platforms/iPhoneSimulator.platform/Developer/SDKs/iPhoneSimulator26.2.sdk -O0 -L/Users/tafmawere/Library/Developer/Xcode/DerivedData/Tribeboard-hdigiwhflrfqtodtlckntnnupjxx/Build/Intermediates.noindex/EagerLinkingTBDs/Debug-iphonesimulator -L/Users/tafmawere/Library/Developer/Xcode/DerivedData/Tribeboard-hdigiwhflrfqtodtlckntnnupjxx/Build/Products/Debug-iphonesimulator -F/Users/tafmawere/Library/Developer/Xcode/DerivedData/Tribeboard-hdigiwhflrfqtodtlckntnnupjxx/Build/Intermediates.noindex/EagerLinkingTBDs/Debug-iphonesimulator -F/Users/tafmawere/Library/Developer/Xcode/DerivedData/Tribeboard-hdigiwhflrfqtodtlckntnnupjxx/Build/Products/Debug-iphonesimulator -filelist /Users/tafmawere/Library/Developer/Xcode/DerivedData/Tribeboard-hdigiwhflrfqtodtlckntnnupjxx/Build/Intermediates.noindex/Tribeboard.build/Debug-iphonesimulator/Tribeboard.build/Objects-normal/arm64/Tribeboard.LinkFileList -install_name @rpath/Tribeboard.debug.dylib -Xlinker -rpath -Xlinker /usr/lib/swift -Xlinker -rpath -Xlinker @executable_path/Frameworks -dead_strip -Xlinker -object_path_lto -Xlinker /Users/tafmawere/Library/Developer/Xcode/DerivedData/Tribeboard-hdigiwhflrfqtodtlckntnnupjxx/Build/Intermediates.noindex/Tribeboard.build/Debug-iphonesimulator/Tribeboard.build/Objects-normal/arm64/Tribeboard_lto.o -rdynamic -Xlinker -no_deduplicate -Xlinker -objc_abi_version -Xlinker 2 -Xlinker -debug_variant -Xlinker -dependency_info -Xlinker /Users/tafmawere/Library/Developer/Xcode/DerivedData/Tribeboard-hdigiwhflrfqtodtlckntnnupjxx/Build/Intermediates.noindex/Tribeboard.build/Debug-iphonesimulator/Tribeboard.build/Objects-normal/arm64/Tribeboard_dependency_info.dat -fobjc-link-runtime -fprofile-instr-generate -L/Applications/Xcode.app/Contents/Developer/Toolchains/XcodeDefault.xctoolchain/usr/lib/swift/iphonesimulator -L/usr/lib/swift -Xlinker -add_ast_path -Xlinker /Users/tafmawere/Library/Developer/Xcode/DerivedData/Tribeboard-hdigiwhflrfqtodtlckntnnupjxx/Build/Intermediates.noindex/Tribeboard.build/Debug-iphonesimulator/Tribeboard.build/Objects-normal/arm64/Tribeboard.swiftmodule @/Users/tafmawere/Library/Developer/Xcode/DerivedData/Tribeboard-hdigiwhflrfqtodtlckntnnupjxx/Build/Intermediates.noindex/Tribeboard.build/Debug-iphonesimulator/Tribeboard.build/Objects-normal/arm64/Tribeboard-linker-args.resp -Xlinker -alias -Xlinker _main -Xlinker ___debug_main_executable_dylib_entry_point -Xlinker -no_adhoc_codesign -o /Users/tafmawere/Library/Developer/Xcode/DerivedData/Tribeboard-hdigiwhflrfqtodtlckntnnupjxx/Build/Products/Debug-iphonesimulator/Tribeboard.app/Tribeboard.debug.dylib

ConstructStubExecutorLinkFileList /Users/tafmawere/Library/Developer/Xcode/DerivedData/Tribeboard-hdigiwhflrfqtodtlckntnnupjxx/Build/Intermediates.noindex/Tribeboard.build/Debug-iphonesimulator/Tribeboard.build/Tribeboard-ExecutorLinkFileList-normal-arm64.txt (in target 'Tribeboard' from project 'Tribeboard')
    cd /Users/tafmawere/Projects\ Kiro/Tribeboard_MVP/Tribeboard
    construct-stub-executor-link-file-list /Users/tafmawere/Library/Developer/Xcode/DerivedData/Tribeboard-hdigiwhflrfqtodtlckntnnupjxx/Build/Products/Debug-iphonesimulator/Tribeboard.app/Tribeboard.debug.dylib /Applications/Xcode.app/Contents/Developer/Platforms/iPhoneSimulator.platform/Developer/usr/lib/libPreviewsJITStubExecutor_no_swift_entry_point.a /Applications/Xcode.app/Contents/Developer/Platforms/iPhoneSimulator.platform/Developer/usr/lib/libPreviewsJITStubExecutor.a --output /Users/tafmawere/Library/Developer/Xcode/DerivedData/Tribeboard-hdigiwhflrfqtodtlckntnnupjxx/Build/Intermediates.noindex/Tribeboard.build/Debug-iphonesimulator/Tribeboard.build/Tribeboard-ExecutorLinkFileList-normal-arm64.txt
note: Using stub executor library with Swift entry point. (in target 'Tribeboard' from project 'Tribeboard')

Ld /Users/tafmawere/Library/Developer/Xcode/DerivedData/Tribeboard-hdigiwhflrfqtodtlckntnnupjxx/Build/Products/Debug-iphonesimulator/Tribeboard.app/Tribeboard normal (in target 'Tribeboard' from project 'Tribeboard')
    cd /Users/tafmawere/Projects\ Kiro/Tribeboard_MVP/Tribeboard
    /Applications/Xcode.app/Contents/Developer/Toolchains/XcodeDefault.xctoolchain/usr/bin/clang -Xlinker -reproducible -target arm64-apple-ios18.6-simulator -isysroot /Applications/Xcode.app/Contents/Developer/Platforms/iPhoneSimulator.platform/Developer/SDKs/iPhoneSimulator26.2.sdk -O0 -L/Users/tafmawere/Library/Developer/Xcode/DerivedData/Tribeboard-hdigiwhflrfqtodtlckntnnupjxx/Build/Products/Debug-iphonesimulator -F/Users/tafmawere/Library/Developer/Xcode/DerivedData/Tribeboard-hdigiwhflrfqtodtlckntnnupjxx/Build/Products/Debug-iphonesimulator -Xlinker -rpath -Xlinker @executable_path -Xlinker -rpath -Xlinker @executable_path/Frameworks -rdynamic -Xlinker -no_deduplicate -Xlinker -objc_abi_version -Xlinker 2 -Xlinker -debug_variant -e ___debug_blank_executor_main -Xlinker -sectcreate -Xlinker __TEXT -Xlinker __debug_dylib -Xlinker /Users/tafmawere/Library/Developer/Xcode/DerivedData/Tribeboard-hdigiwhflrfqtodtlckntnnupjxx/Build/Intermediates.noindex/Tribeboard.build/Debug-iphonesimulator/Tribeboard.build/Tribeboard-DebugDylibPath-normal-arm64.txt -Xlinker -sectcreate -Xlinker __TEXT -Xlinker __debug_instlnm -Xlinker /Users/tafmawere/Library/Developer/Xcode/DerivedData/Tribeboard-hdigiwhflrfqtodtlckntnnupjxx/Build/Intermediates.noindex/Tribeboard.build/Debug-iphonesimulator/Tribeboard.build/Tribeboard-DebugDylibInstallName-normal-arm64.txt -Xlinker -filelist -Xlinker /Users/tafmawere/Library/Developer/Xcode/DerivedData/Tribeboard-hdigiwhflrfqtodtlckntnnupjxx/Build/Intermediates.noindex/Tribeboard.build/Debug-iphonesimulator/Tribeboard.build/Tribeboard-ExecutorLinkFileList-normal-arm64.txt -Xlinker -sectcreate -Xlinker __TEXT -Xlinker __entitlements -Xlinker /Users/tafmawere/Library/Developer/Xcode/DerivedData/Tribeboard-hdigiwhflrfqtodtlckntnnupjxx/Build/Intermediates.noindex/Tribeboard.build/Debug-iphonesimulator/Tribeboard.build/Tribeboard.app-Simulated.xcent -Xlinker -sectcreate -Xlinker __TEXT -Xlinker __ents_der -Xlinker /Users/tafmawere/Library/Developer/Xcode/DerivedData/Tribeboard-hdigiwhflrfqtodtlckntnnupjxx/Build/Intermediates.noindex/Tribeboard.build/Debug-iphonesimulator/Tribeboard.build/Tribeboard.app-Simulated.xcent.der /Users/tafmawere/Library/Developer/Xcode/DerivedData/Tribeboard-hdigiwhflrfqtodtlckntnnupjxx/Build/Products/Debug-iphonesimulator/Tribeboard.app/Tribeboard.debug.dylib -Xlinker -no_adhoc_codesign -o /Users/tafmawere/Library/Developer/Xcode/DerivedData/Tribeboard-hdigiwhflrfqtodtlckntnnupjxx/Build/Products/Debug-iphonesimulator/Tribeboard.app/Tribeboard

CopySwiftLibs /Users/tafmawere/Library/Developer/Xcode/DerivedData/Tribeboard-hdigiwhflrfqtodtlckntnnupjxx/Build/Products/Debug-iphonesimulator/Tribeboard.app (in target 'Tribeboard' from project 'Tribeboard')
    cd /Users/tafmawere/Projects\ Kiro/Tribeboard_MVP/Tribeboard
    builtin-swiftStdLibTool --copy --verbose --sign - --scan-executable /Users/tafmawere/Library/Developer/Xcode/DerivedData/Tribeboard-hdigiwhflrfqtodtlckntnnupjxx/Build/Products/Debug-iphonesimulator/Tribeboard.app/Tribeboard.debug.dylib --scan-folder /Users/tafmawere/Library/Developer/Xcode/DerivedData/Tribeboard-hdigiwhflrfqtodtlckntnnupjxx/Build/Products/Debug-iphonesimulator/Tribeboard.app/Frameworks --scan-folder /Users/tafmawere/Library/Developer/Xcode/DerivedData/Tribeboard-hdigiwhflrfqtodtlckntnnupjxx/Build/Products/Debug-iphonesimulator/Tribeboard.app/PlugIns --scan-folder /Users/tafmawere/Library/Developer/Xcode/DerivedData/Tribeboard-hdigiwhflrfqtodtlckntnnupjxx/Build/Products/Debug-iphonesimulator/Tribeboard.app/SystemExtensions --scan-folder /Users/tafmawere/Library/Developer/Xcode/DerivedData/Tribeboard-hdigiwhflrfqtodtlckntnnupjxx/Build/Products/Debug-iphonesimulator/Tribeboard.app/Extensions --platform iphonesimulator --toolchain /Applications/Xcode.app/Contents/Developer/Toolchains/XcodeDefault.xctoolchain --destination /Users/tafmawere/Library/Developer/Xcode/DerivedData/Tribeboard-hdigiwhflrfqtodtlckntnnupjxx/Build/Products/Debug-iphonesimulator/Tribeboard.app/Frameworks --strip-bitcode --strip-bitcode-tool /Applications/Xcode.app/Contents/Developer/Toolchains/XcodeDefault.xctoolchain/usr/bin/bitcode_strip --emit-dependency-info /Users/tafmawere/Library/Developer/Xcode/DerivedData/Tribeboard-hdigiwhflrfqtodtlckntnnupjxx/Build/Intermediates.noindex/Tribeboard.build/Debug-iphonesimulator/Tribeboard.build/SwiftStdLibToolInputDependencies.dep --filter-for-swift-os --back-deploy-swift-span

ExtractAppIntentsMetadata (in target 'Tribeboard' from project 'Tribeboard')
    cd /Users/tafmawere/Projects\ Kiro/Tribeboard_MVP/Tribeboard
    /Applications/Xcode.app/Contents/Developer/Toolchains/XcodeDefault.xctoolchain/usr/bin/appintentsmetadataprocessor --toolchain-dir /Applications/Xcode.app/Contents/Developer/Toolchains/XcodeDefault.xctoolchain --module-name Tribeboard --sdk-root /Applications/Xcode.app/Contents/Developer/Platforms/iPhoneSimulator.platform/Developer/SDKs/iPhoneSimulator26.2.sdk --xcode-version 17C52 --platform-family iOS --deployment-target 18.6 --bundle-identifier net.dataenvy.tribeboard --output /Users/tafmawere/Library/Developer/Xcode/DerivedData/Tribeboard-hdigiwhflrfqtodtlckntnnupjxx/Build/Products/Debug-iphonesimulator/Tribeboard.app --target-triple arm64-apple-ios18.6-simulator --binary-file /Users/tafmawere/Library/Developer/Xcode/DerivedData/Tribeboard-hdigiwhflrfqtodtlckntnnupjxx/Build/Products/Debug-iphonesimulator/Tribeboard.app/Tribeboard --dependency-file /Users/tafmawere/Library/Developer/Xcode/DerivedData/Tribeboard-hdigiwhflrfqtodtlckntnnupjxx/Build/Intermediates.noindex/Tribeboard.build/Debug-iphonesimulator/Tribeboard.build/Objects-normal/arm64/Tribeboard_dependency_info.dat --stringsdata-file /Users/tafmawere/Library/Developer/Xcode/DerivedData/Tribeboard-hdigiwhflrfqtodtlckntnnupjxx/Build/Intermediates.noindex/Tribeboard.build/Debug-iphonesimulator/Tribeboard.build/Objects-normal/arm64/ExtractedAppShortcutsMetadata.stringsdata --source-file-list /Users/tafmawere/Library/Developer/Xcode/DerivedData/Tribeboard-hdigiwhflrfqtodtlckntnnupjxx/Build/Intermediates.noindex/Tribeboard.build/Debug-iphonesimulator/Tribeboard.build/Objects-normal/arm64/Tribeboard.SwiftFileList --metadata-file-list /Users/tafmawere/Library/Developer/Xcode/DerivedData/Tribeboard-hdigiwhflrfqtodtlckntnnupjxx/Build/Intermediates.noindex/Tribeboard.build/Debug-iphonesimulator/Tribeboard.build/Tribeboard.DependencyMetadataFileList --static-metadata-file-list /Users/tafmawere/Library/Developer/Xcode/DerivedData/Tribeboard-hdigiwhflrfqtodtlckntnnupjxx/Build/Intermediates.noindex/Tribeboard.build/Debug-iphonesimulator/Tribeboard.build/Tribeboard.DependencyStaticMetadataFileList --swift-const-vals-list /Users/tafmawere/Library/Developer/Xcode/DerivedData/Tribeboard-hdigiwhflrfqtodtlckntnnupjxx/Build/Intermediates.noindex/Tribeboard.build/Debug-iphonesimulator/Tribeboard.build/Objects-normal/arm64/Tribeboard.SwiftConstValuesFileList --compile-time-extraction --deployment-aware-processing --validate-assistant-intents --no-app-shortcuts-localization
2026-02-10 16:05:09.232 appintentsmetadataprocessor[70562:896730] Starting appintentsmetadataprocessor export
2026-02-10 16:05:09.234 appintentsmetadataprocessor[70562:896730] warning: Metadata extraction skipped. No AppIntents.framework dependency found.

AppIntentsSSUTraining (in target 'Tribeboard' from project 'Tribeboard')
    cd /Users/tafmawere/Projects\ Kiro/Tribeboard_MVP/Tribeboard
    /Applications/Xcode.app/Contents/Developer/Toolchains/XcodeDefault.xctoolchain/usr/bin/appintentsnltrainingprocessor --infoplist-path /Users/tafmawere/Library/Developer/Xcode/DerivedData/Tribeboard-hdigiwhflrfqtodtlckntnnupjxx/Build/Products/Debug-iphonesimulator/Tribeboard.app/Info.plist --temp-dir-path /Users/tafmawere/Library/Developer/Xcode/DerivedData/Tribeboard-hdigiwhflrfqtodtlckntnnupjxx/Build/Intermediates.noindex/Tribeboard.build/Debug-iphonesimulator/Tribeboard.build/ssu --bundle-id net.dataenvy.tribeboard --product-path /Users/tafmawere/Library/Developer/Xcode/DerivedData/Tribeboard-hdigiwhflrfqtodtlckntnnupjxx/Build/Products/Debug-iphonesimulator/Tribeboard.app --extracted-metadata-path /Users/tafmawere/Library/Developer/Xcode/DerivedData/Tribeboard-hdigiwhflrfqtodtlckntnnupjxx/Build/Products/Debug-iphonesimulator/Tribeboard.app/Metadata.appintents --metadata-file-list /Users/tafmawere/Library/Developer/Xcode/DerivedData/Tribeboard-hdigiwhflrfqtodtlckntnnupjxx/Build/Intermediates.noindex/Tribeboard.build/Debug-iphonesimulator/Tribeboard.build/Tribeboard.DependencyMetadataFileList --archive-ssu-assets
2026-02-10 16:05:09.253 appintentsnltrainingprocessor[70563:896731] Parsing options for appintentsnltrainingprocessor
2026-02-10 16:05:09.253 appintentsnltrainingprocessor[70563:896731] No AppShortcuts found - Skipping.

CodeSign /Users/tafmawere/Library/Developer/Xcode/DerivedData/Tribeboard-hdigiwhflrfqtodtlckntnnupjxx/Build/Products/Debug-iphonesimulator/Tribeboard.app/Tribeboard.debug.dylib (in target 'Tribeboard' from project 'Tribeboard')
    cd /Users/tafmawere/Projects\ Kiro/Tribeboard_MVP/Tribeboard
    
    Signing Identity:     "Sign to Run Locally"
    
    /usr/bin/codesign --force --sign - --timestamp\=none --generate-entitlement-der /Users/tafmawere/Library/Developer/Xcode/DerivedData/Tribeboard-hdigiwhflrfqtodtlckntnnupjxx/Build/Products/Debug-iphonesimulator/Tribeboard.app/Tribeboard.debug.dylib

CodeSign /Users/tafmawere/Library/Developer/Xcode/DerivedData/Tribeboard-hdigiwhflrfqtodtlckntnnupjxx/Build/Products/Debug-iphonesimulator/Tribeboard.app/__preview.dylib (in target 'Tribeboard' from project 'Tribeboard')
    cd /Users/tafmawere/Projects\ Kiro/Tribeboard_MVP/Tribeboard
    
    Signing Identity:     "Sign to Run Locally"
    
    /usr/bin/codesign --force --sign - --timestamp\=none --generate-entitlement-der /Users/tafmawere/Library/Developer/Xcode/DerivedData/Tribeboard-hdigiwhflrfqtodtlckntnnupjxx/Build/Products/Debug-iphonesimulator/Tribeboard.app/__preview.dylib

CodeSign /Users/tafmawere/Library/Developer/Xcode/DerivedData/Tribeboard-hdigiwhflrfqtodtlckntnnupjxx/Build/Products/Debug-iphonesimulator/Tribeboard.app (in target 'Tribeboard' from project 'Tribeboard')
    cd /Users/tafmawere/Projects\ Kiro/Tribeboard_MVP/Tribeboard
    
    Signing Identity:     "Sign to Run Locally"
    
    /usr/bin/codesign --force --sign - --entitlements /Users/tafmawere/Library/Developer/Xcode/DerivedData/Tribeboard-hdigiwhflrfqtodtlckntnnupjxx/Build/Intermediates.noindex/Tribeboard.build/Debug-iphonesimulator/Tribeboard.build/Tribeboard.app.xcent --timestamp\=none --generate-entitlement-der /Users/tafmawere/Library/Developer/Xcode/DerivedData/Tribeboard-hdigiwhflrfqtodtlckntnnupjxx/Build/Products/Debug-iphonesimulator/Tribeboard.app

RegisterExecutionPolicyException /Users/tafmawere/Library/Developer/Xcode/DerivedData/Tribeboard-hdigiwhflrfqtodtlckntnnupjxx/Build/Products/Debug-iphonesimulator/Tribeboard.app (in target 'Tribeboard' from project 'Tribeboard')
    cd /Users/tafmawere/Projects\ Kiro/Tribeboard_MVP/Tribeboard
    builtin-RegisterExecutionPolicyException /Users/tafmawere/Library/Developer/Xcode/DerivedData/Tribeboard-hdigiwhflrfqtodtlckntnnupjxx/Build/Products/Debug-iphonesimulator/Tribeboard.app

Validate /Users/tafmawere/Library/Developer/Xcode/DerivedData/Tribeboard-hdigiwhflrfqtodtlckntnnupjxx/Build/Products/Debug-iphonesimulator/Tribeboard.app (in target 'Tribeboard' from project 'Tribeboard')
    cd /Users/tafmawere/Projects\ Kiro/Tribeboard_MVP/Tribeboard
    builtin-validationUtility /Users/tafmawere/Library/Developer/Xcode/DerivedData/Tribeboard-hdigiwhflrfqtodtlckntnnupjxx/Build/Products/Debug-iphonesimulator/Tribeboard.app -shallow-bundle -infoplist-subpath Info.plist

Touch /Users/tafmawere/Library/Developer/Xcode/DerivedData/Tribeboard-hdigiwhflrfqtodtlckntnnupjxx/Build/Products/Debug-iphonesimulator/Tribeboard.app (in target 'Tribeboard' from project 'Tribeboard')
    cd /Users/tafmawere/Projects\ Kiro/Tribeboard_MVP/Tribeboard
    /usr/bin/touch -c /Users/tafmawere/Library/Developer/Xcode/DerivedData/Tribeboard-hdigiwhflrfqtodtlckntnnupjxx/Build/Products/Debug-iphonesimulator/Tribeboard.app

** BUILD SUCCEEDED **

